[
    {
        "title": "1. Select Source",
        "items": [
            {
                "target": "source",
                "title": "From",
                "type": "select",
                "mode": "singular",
                "options": []
            }
        ]
    },
    {
        "title": "2. Select Data Source",
        "items": [
            {
                "target": "db_id",
                "title": "From",
                "type": "select",
                "mode": "singular",
                "options": []
            },
            {
                "target": "table_name",
                "title": "",
                "type": "select",
                "mode": "singular",
                "options": []
            }
        ]
    },
    {
        "title": "3. Select Equipment",
        "items": [
            {
                "target": "user_fab",
                "title": "User/Fab",
                "type": "select",
                "mode": "subItem",
                "options": [],
                "subItem": {
                    "target": "equipment_name",
                    "title": "Equipment",
                    "type": "select",
                    "mode": "singular",
                    "options": []
                }
            }
        ]
    },
    {
        "title": "4. Select Start/End Date",
        "items": [
            {
                "target": "period",
                "title": "Period",
                "type": "DatePicker"
            }
        ]
    },
    {
        "title": "5. Select Preprocessing Script",
        "items": [
            {
                "target": "script",
                "title": "Script File",
                "type": "file"
            },
            {
                "target": "use_script",
                "title": "use script",
                "type": "switch",
                "value": false
            }
        ]
    }
]