event,event_start,event_end,category,display
Error,Error Start,Error End,Error,True
Suspend,Suspend Start,Suspend End,Other,True
SRC,SRC Start,SRC End,Calibration,True
Step,Step Start,Step End,Step,True
AFC,AFC Start,AFC End,Measurement,True
Measurement,Measurement Start,Measurement End,Measurement,True
Exposure prep,Exposure prep Start,Exposure prep End,Exposure,True
Exposure,Exposure Start,Exposure End,Exposure,True
Plate,Plate Load,Plate Unload,Other,True
Mask Bend Measure,Mask Bend Measure Start,Mask Bend Measure End,Measurement,True
Mask Alignment,Mask Alignment Start,Mask Alignment End,Measurement,True
Mask IAF,Mask IAF Start,Mask IAF End,Measurement,True
Plate Pre AA,Plate Pre AA Start,Plate Pre AA End,Measurement,True
Slit Distortion Variate,Slit Distortion Variate Start,Slit Distortion Variate End,Calibration,True
Process,Process Start,Process End,Other,True
1st Shot Expo,1st Shot Expo Start,Exposure End,Exposure,True
AFC Pos Step,AFC Pos Step Start,AFC Pos Step End,Step,True
PreFine Step,PreFine Step Start,PreFine Step End,Step,True
Fine Step,Fine Step Start,Fine Step End,Step,True
P1 Step,P1 Step Start,P1 Step End,Step,True
P2 Step,P2 Step Start,P2 Step End,Step,True
P3 Step,P3 Step Start,P3 Step End,Step,True
Pre AA,Pre AA Start,Pre AA End,Measurement,True
Fine AA,Fine AA Start,Fine AA End,Measurement,True
P1 Measurement,P1 Measurement Start,P1 Measurement End,Measurement,True
P2 Measurement,P2 Measurement Start,P2 Measurement End,Measurement,True
P3 Measurement,P3 Measurement Start,P3 Measurement End,Measurement,True
OAS Line Measure,OAS Line Measure Start,OAS Line Measure End,Measurement,True
Baseline Measurement,Baseline Measurement Start,Baseline Measurement End,Measurement,True
Mask Lock,Mask Lock Start,Mask Lock End,Measurement,True
Mask Lock Shift,Mask Lock Shift Start,Mask Lock Shift End,Other,True
Diagonal Step,Diagonal Step Start,Diagonal Step End,Step,True
Diagonal Measurement,Diagonal Measurement Start,Diagonal Measurement End,Measurement,True
OAS BM Fine Mark Measure,OAS BM Fine Mark Measure Start,OAS BM Fine Mark Measure End,Measurement,True
AS BM Fine Mark Measure,AS BM Fine Mark Measure Start,AS BM Fine Mark Measure End,Measurement,True
OAS Zero Layer Mark Measure,OAS Zero Layer Mark Measure Start,OAS Zero Layer Mark Measure End,Measurement,True
AMF Forming Line1,AMF Forming Line1 Start,AMF Forming Line1 End,Other,True
AMF Forming Line2,AMF Forming Line2 Start,AMF Forming Line2 End,Other,True
Plate Flat Change Measure,Plate Flat Change Measure Start,Plate Flat Change Measure End,Calibration,True
Mask Bend Retry,Mask Bend Retry Start,Mask Bend Retry End,Measurement,True
UM Mag Maintenance,UM Mag Maintenance Start,UM Mag Maintenance End,Calibration,True
LIPS TV Pre Alignment,LIPS TV Pre Alignment Start,LIPS TV Pre Alignment End,Calibration,True
LIPS TV Pre Alignment Cancel,LIPS TV Pre Alignment Start,LIPS TV Pre Alignment Cancel,Calibration,True
LIPS Focus Compensate,LIPS Focus Compensate Start,LIPS Focus Compensate End,Calibration,True
LIPS Focus Compensate Cancel,LIPS Focus Compensate Start,LIPS Focus Compensate Cancel,Calibration,True
LIPS TVAA Position Adjust,LIPS TVAA Position Adjust Start,LIPS TVAA Position Adjust End,Calibration,True
LIPS TVAA Position Adjust Cancel,LIPS TVAA Position Adjust Start,LIPS TVAA Position Adjust Cancel,Calibration,True
Defocus Table Measure,Defocus Table Measure Start,Defocus Table Measure End,Calibration,True
Defocus Table Repeat Measure,Defocus Table Repeat Measure Start,Defocus Table Repeat Measure End,Calibration,True
Baseline Repeat Measure,Baseline Repeat Measure Start,Baseline Repeat Measure End,Calibration,True
SRC Mark OAS TVAA,SRC Mark OAS TVAA Start,SRC Mark OAS TVAA End,Calibration,True
OAS Interlock Meas,OAS Interlock Meas Start,OAS Interlock Meas End,Calibration,True
OAS Base Plate Measurement,OAS Base Plate Measurement Start,OAS Base Plate Measurement End,Calibration,True
Barmirror Mag Measure,Barmirror Mag Measure Start,Barmirror Mag Measure End,Calibration,True
SIC Unit Maintenance,SIC Unit Maintenance Start,SIC Unit Maintenance End,Calibration,True
AS Maintenance,AS Maintenance Start,AS Maintenance End,Calibration,True
YMB Position Check,YMB Position Check Start,YMB Position Check End,Calibration,True
Alignment Auto Store,Alignment Auto Store Start,Alignment Auto Store End,Calibration,True
Dummy Plate Process,Dummy Plate Process Start,Dummy Plate Process End,Calibration,True
Mask Pre Mark Search,Mask Pre Mark Search Start,Mask Pre Mark Search End,Calibration,True
Plate Pre Mark Search,Plate Pre Mark Search Start,Plate Pre Mark Search End,Calibration,True
Plate Pre Measurement,Plate Pre Measurement Start,Plate Pre Measurement End,Calibration,True
Left View Mark Search,Left View Mark Search Start,Left View Mark Search End,Calibration,True
Right View Mark Search,Right View Mark Search Start,Right View Mark Search End,Calibration,True
Left View Mark Measure,Left View Mark Measure Start,Left View Mark Measure End,Calibration,True
Right View Mark Measure,Right View Mark Measure Start,Right View Mark Measure End,Calibration,True
PSY Move and Mark Search,PSY Move and Mark Search Start,PSY Move and Mark Search End,Calibration,True
AAR Fine Tuning,AAR Fine Tuning Start,AAR Fine Tuning End,Calibration,True
AAR Pre Tuning,AAR Pre Tuning Start,AAR Pre Tuning End,Calibration,True
Laser Hand Off Interlock,Laser Hand Off Interlock Start,Laser Hand Off Interlock End,Calibration,True
Laser Hand Off Psx Measure,Laser Hand Off Psx Measure Start,Laser Hand Off Psx Measure End,Calibration,True
Laser Hand Off Psroll Measure,Laser Hand Off Psroll Measure Start,Laser Hand Off Psroll Measure End,Calibration,True
PSX BMB Calibration,PSX BMB Calibration Start,PSX BMB Calibration End,Calibration,True
PSYT BMB Calibration,PSYT BMB Calibration Start,PSYT BMB Calibration End,Calibration,True
MSX BMB Monitor,MSX BMB Monitor Start,MSX BMB Monitor End,Calibration,True
MSX BMB Calib,MSX BMB Calib Start,MSX BMB Calib End,Calibration,True
Tilt Monitor,Tilt Monitor Start,Tilt Monitor End,Calibration,True
Mask LCVC,Mask LCVC Start,Mask LCVC End,Calibration,True
Mask Pre Scan,Mask Pre Scan Start,Mask Pre Scan End,Calibration,True
Plate LCVC,Plate LCVC Start,Plate LCVC End,Calibration,True
Plate Pre Scan,Plate Pre Scan Start,Plate Pre Scan End,Calibration,True
Plate Expo Measure,Plate Expo Measure Start,Plate Expo Measure End,Calibration,True
Home Pos. Step,Home Pos. Step Start,Home Pos. Step End,Step,True
LiftUp,LiftUp Start,LiftUp End,Other,True
LiftDown,LiftDown Start,LiftDown End,Other,True
Exposure Ready,Exposure Ready Start,Exposure Ready End,Exposure,True
Scan Exposure,Scan Exposure Start,Scan Exposure End,Exposure,True
Before Pre Scan,Before Pre Scan Start,Before Pre Scan End,Calibration,True
Floor Offset Update,Floor Offset Update Start,Floor Offset Update End (PHI ON),Other,True
Slit X Shift Maintenance,Slit X Shift Maintenance Start,Slit X Shift Maintenance End,Calibration,True
Xmag Maintenance,Xmag Maintenance Start,Xmag Maintenance End,Calibration,True
PSX BM Slope,PSX BM Slope Start,PSX BM Slope End,Calibration,True
PSY BM Slope,PSY BM Slope Start,PSY BM Slope End,Calibration,True
CHT Maintenance,CHT Maintenance Start,CHT Maintenance End,Calibration,True
PSX BMB Maintenance Meas,PSX BMB Maintenance Meas Start,PSX BMB Maintenance Meas End,Calibration,True
PSY BMB Maintenance Meas,PSY BMB Maintenance Meas Start,PSY BMB Maintenance Meas End,Calibration,True
Mecha Pre Measurement,Mecha Pre Measurement Start,Mecha Pre Measurement End,Measurement,True
Arc Maintenance,Arc Maintenance Start,Arc Maintenance End,Other,True
