[
  {
    "name": "AFC_Drive_Offset_Other_Z_i",
    "tab": "PS Z",
    "lower_limit": -30,
    "upper_limit": 30
  },
  {
    "name": "AFC_Drive_Offset_Z",
    "tab": "PS Z",
    "lower_limit": -30,
    "upper_limit": 30
  },
  {
    "name": "Chuck_Lock_AFC_Z",
    "tab": "PS Z",
    "lower_limit": -15,
    "upper_limit": 15
  },
  {
    "name": "Each_Shot_AFC_i",
    "tab": "PS Z",
    "lower_limit": -30,
    "upper_limit": 30
  },
  {
    "name": "Each_Shot_P/R_Offset_Other_Z_i",
    "tab": "PS Z",
    "lower_limit": -30,
    "upper_limit": 30
  },
  {
    "name": "AFC_Base_PSZ",
    "tab": "PS Z",
    "lower_limit": -300,
    "upper_limit": 300
  },
  {
    "name": "LiPS_PSZ",
    "tab": "PS Z",
    "lower_limit": -50,
    "upper_limit": 50
  },
  {
    "name": "Mask_Plate_PreScan_Other_Z_i",
    "tab": "PS Z",
    "lower_limit": -5,
    "upper_limit": 5
  },
  {
    "name": "Mask_Plate_PreScan_Z_i",
    "tab": "PS Z",
    "lower_limit": -10,
    "upper_limit": 10
  },
  {
    "name": "Mag_Other_Z",
    "tab": "PS Z",
    "lower_limit": -10,
    "upper_limit": 10
  },
  {
    "name": "AFC_Drive_Diff_Z",
    "tab": "PS Z",
    "lower_limit": -10,
    "upper_limit": 10
  },
  {
    "name": "Other",
    "tab": "PS Z",
    "lower_limit": -50,
    "upper_limit": 50
  },
  {
    "name": "Plate_Thickness_Z_i",
    "tab": "PS Z",
    "lower_limit": -20,
    "upper_limit": 20
  },
  {
    "name": "Position_Offset_Z_i",
    "tab": "PS Z",
    "lower_limit": -20,
    "upper_limit": 20
  },
  {
    "name": "AFC_Drive_Offset_Pitch",
    "tab": "PS Pitch",
    "lower_limit": -20,
    "upper_limit": 20
  },
  {
    "name": "Each_Shot_Pitch_Offset_i",
    "tab": "PS Pitch",
    "lower_limit": -10,
    "upper_limit": 10
  },
  {
    "name": "Mask_Plate_PreScan_Pitch_i",
    "tab": "PS Pitch",
    "lower_limit": -10,
    "upper_limit": 10
  },
  {
    "name": "AFC_Drive_Diff_Pitch",
    "tab": "PS Pitch",
    "lower_limit": -10,
    "upper_limit": 10
  },
  {
    "name": "Other",
    "tab": "PS Pitch",
    "lower_limit": -10,
    "upper_limit": 10
  },
  {
    "name": "AFC_Drive_Offset_Roll",
    "tab": "PS Roll",
    "lower_limit": -20,
    "upper_limit": 20
  },
  {
    "name": "Each_Shot_Roll_Offset_i",
    "tab": "PS Roll",
    "lower_limit": -10,
    "upper_limit": 10
  },
  {
    "name": "Mask_Plate_PreScan_Roll_i",
    "tab": "PS Roll",
    "lower_limit": -10,
    "upper_limit": 10
  },
  {
    "name": "AFC_Drive_Diff_Roll",
    "tab": "PS Roll",
    "lower_limit": -10,
    "upper_limit": 10
  },
  {
    "name": "Other",
    "tab": "PS Roll",
    "lower_limit": -10,
    "upper_limit": 10
  }
]