[
    {
        "analysis": {
            "script": {
                "db_id": null,
                "file_name": null,
                "script": null,
                "sql": "",
                "use_script": false
            },
            "setting": {
                "aggregation_default": {
                    "type": "period",
                    "val": "1d"
                },
                "filter_default": [],
                "items": []
            },
            "type": "none"
        },
        "category": {
            "title": "Focus"
        },
        "convert": {
            "script": {
                "file_name": null,
                "script": null,
                "use_script": false
            }
        },
        "func": {
            "info": {
                "log_name": "FOCUSLOGDETAIL"
            },
            "script": {
                "file_name": null,
                "script": null,
                "use_script": false
            },
            "source_type": "local",
            "system_func": true,
            "title": "Focus Log Detail"
        },
        "visualization": {
            "function_graph_type": [
                {
                    "id": null,
                    "name": "default",
                    "script": "function renderGraph(Plotly, element, params) {\n    let tmpGraphProp = {};\n\n    const createPropData = (obj, type, params) => {\n        let tmpRange = {},\n            tmpDensityRange = {},\n            tmpData = [];\n\n        if (params.range.x.length > 0) {\n            tmpRange['xaxis'] = {\n                range: params.range.x,\n            };\n        }\n\n        if (params.range.y.length > 0) {\n            tmpRange['yaxis'] = {\n                range: params.range.y,\n            };\n        }\n\n        switch (type.toLowerCase()) {\n            case 'bar':\n            default:\n                tmpData = Object.keys(params.y).reduce((acc, v) => {\n                    acc.push({\n                        x: params.x[v],\n                        y: params.y[v],\n                        type: 'bar',\n                        name: v,\n                    });\n\t\t                return acc;\n                }, []);\n                if (Object.keys(obj).length === 0) {\n                    obj = {\n                        data: tmpData,\n                        layout: {\n                            title: params.title,\n                            font: {\n                                family: \"Saira, 'Nunito Sans'\",\n                            },\n                            ...tmpRange,\n                        },\n                    };\n                } else {\n                    obj = {\n                        ...obj,\n                        data: obj.data.concat(tmpData),\n                    };\n                }\n                break;\n\n            case 'line':\n                tmpData = Object.keys(params.y).reduce((acc, v) => {\n                    acc.push({\n                        x: params.x[v],\n                        y: params.y[v],\n                        type: 'scatter',\n                        name: v,\n                    });\n                    return acc;\n                }, []);\n                if (Object.keys(obj).length === 0) {\n                    obj = {\n                        data: tmpData,\n                        layout: {\n                            title: params.title,\n                            font: {\n                                family: \"Saira, 'Nunito Sans'\",\n                            },\n                            ...tmpRange,\n                        },\n                    };\n                } else {\n                    obj = {\n                        ...obj,\n                        data: obj.data.concat(tmpData),\n                    };\n                }\n                break;\n\n            case 'box plot':\n                tmpData = Object.keys(params.y).reduce((acc, v) => {\n                    acc.push({\n                        y: params.y[v],\n                        type: 'box',\n                        name: v,\n                    });\n\t\t                return acc;\n                }, []);\n                if (Object.keys(obj).length === 0) {\n                    obj = {\n                        data: tmpData,\n                        layout: {\n                            title: params.title,\n                            font: {\n                                family: \"Saira, 'Nunito Sans'\",\n                            },\n                            ...tmpRange,\n                        },\n                    };\n                } else {\n                    obj = {\n                        ...obj,\n                        data: obj.data.concat(tmpData),\n                    };\n                }\n                break;\n\n            case 'density plot':\n                tmpData = Object.keys(params.y).reduce((acc, v) => {\n                    acc.push(\n                        {\n                            x: params.x[v],\n                            y: params.y[v],\n                            mode: 'markers',\n                            name: v,\n                            marker: {\n                                color: 'rgb(245,245,245)',\n                                size: 1.5,\n                                opacity: 0.7,\n                            },\n                            type: 'scatter',\n                        },\n                        {\n                            x: params.x[v],\n                            y: params.y[v],\n                            name: v,\n                            ncontours: 20,\n                            colorscale: 'Blues',\n                            reversescale: true,\n                            showscale: false,\n                            type: 'histogram2dcontour',\n                        },\n                    );\n\t\t                return acc;\n                }, []);\n\n                if (params.range.x.length > 0) {\n                    tmpDensityRange['xaxis'] = {\n                        showgrid: false,\n                        zeroline: false,\n                        range: params.range.x,\n                    };\n                }\n\n                if (params.range.y.length > 0) {\n                    tmpDensityRange['yaxis'] = {\n                        showgrid: false,\n                        zeroline: false,\n                        range: params.range.y,\n                    };\n                }\n\n                if (Object.keys(obj).length === 0) {\n                    obj = {\n                        data: tmpData,\n                        layout: {\n                            title: params.title,\n                            font: {\n                                family: \"Saira, 'Nunito Sans'\",\n                            },\n                            showlegend: false,\n                            hovermode: 'closest',\n                            bargap: 0,\n                            ...tmpDensityRange,\n                        },\n                    };\n                } else {\n                    obj = {\n                        ...obj,\n                        data: obj.data.concat(tmpData),\n                    };\n                }\n                break;\n\n            case 'bubble chart':\n                tmpData = Object.keys(params.y).reduce((acc, v) => {\n                    acc.push({\n                        x: params.x[v],\n                        y: params.y[v],\n                        mode: 'markers',\n                        name: v,\n                        marker: {\n                            color: 'rgb(93, 164, 214)',\n                            size: params.z,\n                        },\n                    });\n\t\t                return acc;\n                }, []);\n                if (Object.keys(obj).length === 0) {\n                    obj = {\n                        data: tmpData,\n                        layout: {\n                            title: params.title,\n                            font: {\n                                family: \"Saira, 'Nunito Sans'\",\n                            },\n                            ...tmpRange,\n                        },\n                    };\n                } else {\n                    obj = {\n                        ...obj,\n                        data: obj.data.concat(tmpData),\n                    };\n                }\n                break;\n        }\n        return obj;\n    };\n\n    params.type.forEach((v) => {\n        tmpGraphProp = createPropData(tmpGraphProp, v, params);\n    });\n\n    Plotly.newPlot(element, tmpGraphProp.data, tmpGraphProp.layout);\n\n    if (params.func) {\n        element.on('plotly_relayout', params.func);\n    }\n}\n",
                    "type": "system"
                }
            ],
            "items": []
        }
    },
    {
        "analysis": {
            "script": {
                "db_id": null,
                "file_name": null,
                "script": null,
                "sql": "",
                "use_script": false
            },
            "setting": {
                "aggregation_default": {
                    "type": "period",
                    "val": "1d"
                },
                "filter_default": [],
                "items": []
            },
            "type": "none"
        },
        "category": {
            "title": "Focus"
        },
        "convert": {
            "script": {
                "file_name": null,
                "script": null,
                "use_script": false
            }
        },
        "func": {
            "info": {
                "log_name": "STAGEPOSITIONMONITOR"
            },
            "script": {
                "file_name": null,
                "script": null,
                "use_script": false
            },
            "source_type": "local",
            "system_func": true,
            "title": "StagePositionMonitor"
        },
        "visualization": {
            "function_graph_type": [
                {
                    "id": null,
                    "name": "default",
                    "script": "function renderGraph(Plotly, element, params) {\n    let tmpGraphProp = {};\n\n    const createPropData = (obj, type, params) => {\n        let tmpRange = {},\n            tmpDensityRange = {},\n            tmpData = [];\n\n        if (params.range.x.length > 0) {\n            tmpRange['xaxis'] = {\n                range: params.range.x,\n            };\n        }\n\n        if (params.range.y.length > 0) {\n            tmpRange['yaxis'] = {\n                range: params.range.y,\n            };\n        }\n\n        switch (type.toLowerCase()) {\n            case 'bar':\n            default:\n                tmpData = Object.keys(params.y).reduce((acc, v) => {\n                    acc.push({\n                        x: params.x[v],\n                        y: params.y[v],\n                        type: 'bar',\n                        name: v,\n                    });\n\t\t                return acc;\n                }, []);\n                if (Object.keys(obj).length === 0) {\n                    obj = {\n                        data: tmpData,\n                        layout: {\n                            title: params.title,\n                            font: {\n                                family: \"Saira, 'Nunito Sans'\",\n                            },\n                            ...tmpRange,\n                        },\n                    };\n                } else {\n                    obj = {\n                        ...obj,\n                        data: obj.data.concat(tmpData),\n                    };\n                }\n                break;\n\n            case 'line':\n                tmpData = Object.keys(params.y).reduce((acc, v) => {\n                    acc.push({\n                        x: params.x[v],\n                        y: params.y[v],\n                        type: 'scatter',\n                        name: v,\n                    });\n                    return acc;\n                }, []);\n                if (Object.keys(obj).length === 0) {\n                    obj = {\n                        data: tmpData,\n                        layout: {\n                            title: params.title,\n                            font: {\n                                family: \"Saira, 'Nunito Sans'\",\n                            },\n                            ...tmpRange,\n                        },\n                    };\n                } else {\n                    obj = {\n                        ...obj,\n                        data: obj.data.concat(tmpData),\n                    };\n                }\n                break;\n\n            case 'box plot':\n                tmpData = Object.keys(params.y).reduce((acc, v) => {\n                    acc.push({\n                        y: params.y[v],\n                        type: 'box',\n                        name: v,\n                    });\n\t\t                return acc;\n                }, []);\n                if (Object.keys(obj).length === 0) {\n                    obj = {\n                        data: tmpData,\n                        layout: {\n                            title: params.title,\n                            font: {\n                                family: \"Saira, 'Nunito Sans'\",\n                            },\n                            ...tmpRange,\n                        },\n                    };\n                } else {\n                    obj = {\n                        ...obj,\n                        data: obj.data.concat(tmpData),\n                    };\n                }\n                break;\n\n            case 'density plot':\n                tmpData = Object.keys(params.y).reduce((acc, v) => {\n                    acc.push(\n                        {\n                            x: params.x[v],\n                            y: params.y[v],\n                            mode: 'markers',\n                            name: v,\n                            marker: {\n                                color: 'rgb(245,245,245)',\n                                size: 1.5,\n                                opacity: 0.7,\n                            },\n                            type: 'scatter',\n                        },\n                        {\n                            x: params.x[v],\n                            y: params.y[v],\n                            name: v,\n                            ncontours: 20,\n                            colorscale: 'Blues',\n                            reversescale: true,\n                            showscale: false,\n                            type: 'histogram2dcontour',\n                        },\n                    );\n\t\t                return acc;\n                }, []);\n\n                if (params.range.x.length > 0) {\n                    tmpDensityRange['xaxis'] = {\n                        showgrid: false,\n                        zeroline: false,\n                        range: params.range.x,\n                    };\n                }\n\n                if (params.range.y.length > 0) {\n                    tmpDensityRange['yaxis'] = {\n                        showgrid: false,\n                        zeroline: false,\n                        range: params.range.y,\n                    };\n                }\n\n                if (Object.keys(obj).length === 0) {\n                    obj = {\n                        data: tmpData,\n                        layout: {\n                            title: params.title,\n                            font: {\n                                family: \"Saira, 'Nunito Sans'\",\n                            },\n                            showlegend: false,\n                            hovermode: 'closest',\n                            bargap: 0,\n                            ...tmpDensityRange,\n                        },\n                    };\n                } else {\n                    obj = {\n                        ...obj,\n                        data: obj.data.concat(tmpData),\n                    };\n                }\n                break;\n\n            case 'bubble chart':\n                tmpData = Object.keys(params.y).reduce((acc, v) => {\n                    acc.push({\n                        x: params.x[v],\n                        y: params.y[v],\n                        mode: 'markers',\n                        name: v,\n                        marker: {\n                            color: 'rgb(93, 164, 214)',\n                            size: params.z,\n                        },\n                    });\n\t\t                return acc;\n                }, []);\n                if (Object.keys(obj).length === 0) {\n                    obj = {\n                        data: tmpData,\n                        layout: {\n                            title: params.title,\n                            font: {\n                                family: \"Saira, 'Nunito Sans'\",\n                            },\n                            ...tmpRange,\n                        },\n                    };\n                } else {\n                    obj = {\n                        ...obj,\n                        data: obj.data.concat(tmpData),\n                    };\n                }\n                break;\n        }\n        return obj;\n    };\n\n    params.type.forEach((v) => {\n        tmpGraphProp = createPropData(tmpGraphProp, v, params);\n    });\n\n    Plotly.newPlot(element, tmpGraphProp.data, tmpGraphProp.layout);\n\n    if (params.func) {\n        element.on('plotly_relayout', params.func);\n    }\n}\n",
                    "type": "system"
                }
            ],
            "items": []
        }
    },
    {
        "analysis": {
            "script": {
                "db_id": null,
                "file_name": null,
                "script": null,
                "sql": "",
                "use_script": false
            },
            "setting": {
                "aggregation_default": {
                    "type": "period",
                    "val": "1d"
                },
                "filter_default": [],
                "items": []
            },
            "type": "none"
        },
        "category": {
            "title": "Focus"
        },
        "convert": {
            "script": {
                "file_name": "convert_illuminance_multi_table_for_focus_analysis.py",
                "script": "from resource.script.convert_base import ConvertBase\r\n\r\nimport pandas as pd\r\nimport copy\r\nimport re\r\n\r\nconvert_columns = {\r\n    \"Table No.\": \"table_no\",\r\n    \"Adj. Mode\": \"adj_mode\",\r\n    \"Base Ill.\": \"base_ill\",\r\n    \"Base Speed\": \"base_speed\",\r\n    \"Mode\": \"mode\",\r\n    \"FlyEye S/D\": \"fly_eye_s_d\",\r\n    \"Slit Pos.\": \"slit_pos\",\r\n    \"Lamp Num.\": \"lamp_num\",\r\n    \"ND Pos.\": \"nd_pos\"\r\n}\r\n\r\n# ログファイルのヘッダ位置を定義\r\nLOG_HEADER = 1\r\n\r\n\r\nclass ConvertScript(ConvertBase):\r\n    \"\"\"\r\n    .. class:: ConvertScript\r\n\r\n        This class is for converting input file by user script.\r\n    \"\"\"\r\n    def __init__(self, **kwargs):\r\n        super().__init__(**kwargs)\r\n\r\n    def run(self) -> pd.DataFrame:\r\n        \"\"\"\r\n        This method will be called by sub process(convert process). Fix this method as you want.\r\n\r\n        :return: DataFrame\r\n        \"\"\"\r\n        logDate = dict()\r\n        resultDate = list()\r\n        lineCnt = 1\r\n        linelogkey = ''\r\n\r\n        # Read Log File\r\n        lines = self.readlines()\r\n\r\n        for line in lines:\r\n            if LOG_HEADER == lineCnt:\r\n                # ヘッダ部の読み込み\r\n                # 改行コード等を除外した上で分割\r\n                linelog = line.strip().strip('#').split(',')\r\n                # 1行目のDev,Pro情報を追加する前にデータ部のヘッダに関連するkey情報を取得\r\n                linelogkey = copy.deepcopy(linelog)\r\n                # ヘッダー部をkeyにしてdictを作成\r\n                for element in linelog:\r\n                    logDate[element.strip()] = 0\r\n            else:\r\n                # データ部の読み込み\r\n                # 改行コード等を除外した上で分割\r\n                linelog = line.strip().split(',')\r\n                cnt = 0\r\n                # ヘッダから先に読み込まれるはずなのでkeyごとに合致する要素の値を設定する\r\n                for key in linelogkey:\r\n                    # int型に変換できればintに。intでなければfloat（マイナスもfloatになる）に変換する。\r\n                    # その他はstr型\r\n                    if is_int(linelog[cnt]) and key:\r\n                        logDate[key.strip()] = int(linelog[cnt])\r\n                    else:\r\n                        logDate[key.strip()] = linelog[cnt]\r\n\r\n                    cnt = cnt + 1\r\n\r\n                # for key in logDateEtc.keys():\r\n                #     if is_int(logDateEtc[key]):\r\n                #         logDate[key] = int(logDateEtc[key])\r\n                #     else:\r\n                #         logDate[key] = logDateEtc[key]\r\n\r\n                # 複数データ部が存在する場合、ヘッダ部は流用し、データ部だけ差し替えでリストに設定する。\r\n                resultDate.append(copy.deepcopy(logDate))\r\n\r\n            lineCnt = lineCnt + 1\r\n\r\n        df = pd.DataFrame(resultDate)\r\n        df.rename(columns=convert_columns, inplace=True)\r\n\r\n        return df\r\n\r\n\r\n###############################################################################\r\n# str文字列がint()変換できるかどうかを判定する\r\n###############################################################################\r\ndef is_int(s):\r\n    try:\r\n        int(s)\r\n    except Exception:\r\n        return False\r\n    return True",
                "use_script": true
            }
        },
        "func": {
            "info": {
                "log_name": "ILLUMINANCEMULTITABLE"
            },
            "script": {
                "file_name": null,
                "script": null,
                "use_script": false
            },
            "source_type": "local",
            "system_func": true,
            "title": "IlluminanceMultiTable"
        },
        "visualization": {
            "function_graph_type": [
                {
                    "id": null,
                    "name": "default",
                    "script": "function renderGraph(Plotly, element, params) {\n    let tmpGraphProp = {};\n\n    const createPropData = (obj, type, params) => {\n        let tmpRange = {},\n            tmpDensityRange = {},\n            tmpData = [];\n\n        if (params.range.x.length > 0) {\n            tmpRange['xaxis'] = {\n                range: params.range.x,\n            };\n        }\n\n        if (params.range.y.length > 0) {\n            tmpRange['yaxis'] = {\n                range: params.range.y,\n            };\n        }\n\n        switch (type.toLowerCase()) {\n            case 'bar':\n            default:\n                tmpData = Object.keys(params.y).reduce((acc, v) => {\n                    acc.push({\n                        x: params.x[v],\n                        y: params.y[v],\n                        type: 'bar',\n                        name: v,\n                    });\n\t\t                return acc;\n                }, []);\n                if (Object.keys(obj).length === 0) {\n                    obj = {\n                        data: tmpData,\n                        layout: {\n                            title: params.title,\n                            font: {\n                                family: \"Saira, 'Nunito Sans'\",\n                            },\n                            ...tmpRange,\n                        },\n                    };\n                } else {\n                    obj = {\n                        ...obj,\n                        data: obj.data.concat(tmpData),\n                    };\n                }\n                break;\n\n            case 'line':\n                tmpData = Object.keys(params.y).reduce((acc, v) => {\n                    acc.push({\n                        x: params.x[v],\n                        y: params.y[v],\n                        type: 'scatter',\n                        name: v,\n                    });\n                    return acc;\n                }, []);\n                if (Object.keys(obj).length === 0) {\n                    obj = {\n                        data: tmpData,\n                        layout: {\n                            title: params.title,\n                            font: {\n                                family: \"Saira, 'Nunito Sans'\",\n                            },\n                            ...tmpRange,\n                        },\n                    };\n                } else {\n                    obj = {\n                        ...obj,\n                        data: obj.data.concat(tmpData),\n                    };\n                }\n                break;\n\n            case 'box plot':\n                tmpData = Object.keys(params.y).reduce((acc, v) => {\n                    acc.push({\n                        y: params.y[v],\n                        type: 'box',\n                        name: v,\n                    });\n\t\t                return acc;\n                }, []);\n                if (Object.keys(obj).length === 0) {\n                    obj = {\n                        data: tmpData,\n                        layout: {\n                            title: params.title,\n                            font: {\n                                family: \"Saira, 'Nunito Sans'\",\n                            },\n                            ...tmpRange,\n                        },\n                    };\n                } else {\n                    obj = {\n                        ...obj,\n                        data: obj.data.concat(tmpData),\n                    };\n                }\n                break;\n\n            case 'density plot':\n                tmpData = Object.keys(params.y).reduce((acc, v) => {\n                    acc.push(\n                        {\n                            x: params.x[v],\n                            y: params.y[v],\n                            mode: 'markers',\n                            name: v,\n                            marker: {\n                                color: 'rgb(245,245,245)',\n                                size: 1.5,\n                                opacity: 0.7,\n                            },\n                            type: 'scatter',\n                        },\n                        {\n                            x: params.x[v],\n                            y: params.y[v],\n                            name: v,\n                            ncontours: 20,\n                            colorscale: 'Blues',\n                            reversescale: true,\n                            showscale: false,\n                            type: 'histogram2dcontour',\n                        },\n                    );\n\t\t                return acc;\n                }, []);\n\n                if (params.range.x.length > 0) {\n                    tmpDensityRange['xaxis'] = {\n                        showgrid: false,\n                        zeroline: false,\n                        range: params.range.x,\n                    };\n                }\n\n                if (params.range.y.length > 0) {\n                    tmpDensityRange['yaxis'] = {\n                        showgrid: false,\n                        zeroline: false,\n                        range: params.range.y,\n                    };\n                }\n\n                if (Object.keys(obj).length === 0) {\n                    obj = {\n                        data: tmpData,\n                        layout: {\n                            title: params.title,\n                            font: {\n                                family: \"Saira, 'Nunito Sans'\",\n                            },\n                            showlegend: false,\n                            hovermode: 'closest',\n                            bargap: 0,\n                            ...tmpDensityRange,\n                        },\n                    };\n                } else {\n                    obj = {\n                        ...obj,\n                        data: obj.data.concat(tmpData),\n                    };\n                }\n                break;\n\n            case 'bubble chart':\n                tmpData = Object.keys(params.y).reduce((acc, v) => {\n                    acc.push({\n                        x: params.x[v],\n                        y: params.y[v],\n                        mode: 'markers',\n                        name: v,\n                        marker: {\n                            color: 'rgb(93, 164, 214)',\n                            size: params.z,\n                        },\n                    });\n\t\t                return acc;\n                }, []);\n                if (Object.keys(obj).length === 0) {\n                    obj = {\n                        data: tmpData,\n                        layout: {\n                            title: params.title,\n                            font: {\n                                family: \"Saira, 'Nunito Sans'\",\n                            },\n                            ...tmpRange,\n                        },\n                    };\n                } else {\n                    obj = {\n                        ...obj,\n                        data: obj.data.concat(tmpData),\n                    };\n                }\n                break;\n        }\n        return obj;\n    };\n\n    params.type.forEach((v) => {\n        tmpGraphProp = createPropData(tmpGraphProp, v, params);\n    });\n\n    Plotly.newPlot(element, tmpGraphProp.data, tmpGraphProp.layout);\n\n    if (params.func) {\n        element.on('plotly_relayout', params.func);\n    }\n}\n",
                    "type": "system"
                }
            ],
            "items": []
        }
    },
    {
        "analysis": {
            "script": {
                "db_id": null,
                "file_name": null,
                "script": null,
                "sql": "",
                "use_script": false
            },
            "setting": {
                "aggregation_default": {
                    "type": "period",
                    "val": "1d"
                },
                "filter_default": [],
                "items": []
            },
            "type": "none"
        },
        "category": {
            "title": "Focus"
        },
        "convert": {
            "script": {
                "file_name": null,
                "script": null,
                "use_script": false
            }
        },
        "func": {
            "info": {
                "log_name": "PLATEAUTOFOCUSCOMPENSATION"
            },
            "script": {
                "file_name": null,
                "script": null,
                "use_script": false
            },
            "source_type": "local",
            "system_func": true,
            "title": "AutoFocusCompensation"
        },
        "visualization": {
            "function_graph_type": [
                {
                    "id": null,
                    "name": "default",
                    "script": "function renderGraph(Plotly, element, params) {\n    let tmpGraphProp = {};\n\n    const createPropData = (obj, type, params) => {\n        let tmpRange = {},\n            tmpDensityRange = {},\n            tmpData = [];\n\n        if (params.range.x.length > 0) {\n            tmpRange['xaxis'] = {\n                range: params.range.x,\n            };\n        }\n\n        if (params.range.y.length > 0) {\n            tmpRange['yaxis'] = {\n                range: params.range.y,\n            };\n        }\n\n        switch (type.toLowerCase()) {\n            case 'bar':\n            default:\n                tmpData = Object.keys(params.y).reduce((acc, v) => {\n                    acc.push({\n                        x: params.x[v],\n                        y: params.y[v],\n                        type: 'bar',\n                        name: v,\n                    });\n\t\t                return acc;\n                }, []);\n                if (Object.keys(obj).length === 0) {\n                    obj = {\n                        data: tmpData,\n                        layout: {\n                            title: params.title,\n                            font: {\n                                family: \"Saira, 'Nunito Sans'\",\n                            },\n                            ...tmpRange,\n                        },\n                    };\n                } else {\n                    obj = {\n                        ...obj,\n                        data: obj.data.concat(tmpData),\n                    };\n                }\n                break;\n\n            case 'line':\n                tmpData = Object.keys(params.y).reduce((acc, v) => {\n                    acc.push({\n                        x: params.x[v],\n                        y: params.y[v],\n                        type: 'scatter',\n                        name: v,\n                    });\n                    return acc;\n                }, []);\n                if (Object.keys(obj).length === 0) {\n                    obj = {\n                        data: tmpData,\n                        layout: {\n                            title: params.title,\n                            font: {\n                                family: \"Saira, 'Nunito Sans'\",\n                            },\n                            ...tmpRange,\n                        },\n                    };\n                } else {\n                    obj = {\n                        ...obj,\n                        data: obj.data.concat(tmpData),\n                    };\n                }\n                break;\n\n            case 'box plot':\n                tmpData = Object.keys(params.y).reduce((acc, v) => {\n                    acc.push({\n                        y: params.y[v],\n                        type: 'box',\n                        name: v,\n                    });\n\t\t                return acc;\n                }, []);\n                if (Object.keys(obj).length === 0) {\n                    obj = {\n                        data: tmpData,\n                        layout: {\n                            title: params.title,\n                            font: {\n                                family: \"Saira, 'Nunito Sans'\",\n                            },\n                            ...tmpRange,\n                        },\n                    };\n                } else {\n                    obj = {\n                        ...obj,\n                        data: obj.data.concat(tmpData),\n                    };\n                }\n                break;\n\n            case 'density plot':\n                tmpData = Object.keys(params.y).reduce((acc, v) => {\n                    acc.push(\n                        {\n                            x: params.x[v],\n                            y: params.y[v],\n                            mode: 'markers',\n                            name: v,\n                            marker: {\n                                color: 'rgb(245,245,245)',\n                                size: 1.5,\n                                opacity: 0.7,\n                            },\n                            type: 'scatter',\n                        },\n                        {\n                            x: params.x[v],\n                            y: params.y[v],\n                            name: v,\n                            ncontours: 20,\n                            colorscale: 'Blues',\n                            reversescale: true,\n                            showscale: false,\n                            type: 'histogram2dcontour',\n                        },\n                    );\n\t\t                return acc;\n                }, []);\n\n                if (params.range.x.length > 0) {\n                    tmpDensityRange['xaxis'] = {\n                        showgrid: false,\n                        zeroline: false,\n                        range: params.range.x,\n                    };\n                }\n\n                if (params.range.y.length > 0) {\n                    tmpDensityRange['yaxis'] = {\n                        showgrid: false,\n                        zeroline: false,\n                        range: params.range.y,\n                    };\n                }\n\n                if (Object.keys(obj).length === 0) {\n                    obj = {\n                        data: tmpData,\n                        layout: {\n                            title: params.title,\n                            font: {\n                                family: \"Saira, 'Nunito Sans'\",\n                            },\n                            showlegend: false,\n                            hovermode: 'closest',\n                            bargap: 0,\n                            ...tmpDensityRange,\n                        },\n                    };\n                } else {\n                    obj = {\n                        ...obj,\n                        data: obj.data.concat(tmpData),\n                    };\n                }\n                break;\n\n            case 'bubble chart':\n                tmpData = Object.keys(params.y).reduce((acc, v) => {\n                    acc.push({\n                        x: params.x[v],\n                        y: params.y[v],\n                        mode: 'markers',\n                        name: v,\n                        marker: {\n                            color: 'rgb(93, 164, 214)',\n                            size: params.z,\n                        },\n                    });\n\t\t                return acc;\n                }, []);\n                if (Object.keys(obj).length === 0) {\n                    obj = {\n                        data: tmpData,\n                        layout: {\n                            title: params.title,\n                            font: {\n                                family: \"Saira, 'Nunito Sans'\",\n                            },\n                            ...tmpRange,\n                        },\n                    };\n                } else {\n                    obj = {\n                        ...obj,\n                        data: obj.data.concat(tmpData),\n                    };\n                }\n                break;\n        }\n        return obj;\n    };\n\n    params.type.forEach((v) => {\n        tmpGraphProp = createPropData(tmpGraphProp, v, params);\n    });\n\n    Plotly.newPlot(element, tmpGraphProp.data, tmpGraphProp.layout);\n\n    if (params.func) {\n        element.on('plotly_relayout', params.func);\n    }\n}\n",
                    "type": "system"
                }
            ],
            "items": []
        }
    },
    {
        "analysis": {
            "script": {
                "db_id": null,
                "file_name": null,
                "script": null,
                "sql": "",
                "use_script": false
            },
            "setting": {
                "aggregation_default": {
                    "type": "period",
                    "val": "1d"
                },
                "filter_default": [],
                "items": []
            },
            "type": "none"
        },
        "category": {
            "title": "Focus"
        },
        "convert": {
            "script": {
                "file_name": null,
                "script": null,
                "use_script": false
            }
        },
        "func": {
            "info": {
                "log_name": "PRESCANCOMPENSATIONMONITOR"
            },
            "script": {
                "file_name": null,
                "script": null,
                "use_script": false
            },
            "source_type": "local",
            "system_func": true,
            "title": "PrescanCompensationMonitor"
        },
        "visualization": {
            "function_graph_type": [
                {
                    "id": null,
                    "name": "default",
                    "script": "function renderGraph(Plotly, element, params) {\n    let tmpGraphProp = {};\n\n    const createPropData = (obj, type, params) => {\n        let tmpRange = {},\n            tmpDensityRange = {},\n            tmpData = [];\n\n        if (params.range.x.length > 0) {\n            tmpRange['xaxis'] = {\n                range: params.range.x,\n            };\n        }\n\n        if (params.range.y.length > 0) {\n            tmpRange['yaxis'] = {\n                range: params.range.y,\n            };\n        }\n\n        switch (type.toLowerCase()) {\n            case 'bar':\n            default:\n                tmpData = Object.keys(params.y).reduce((acc, v) => {\n                    acc.push({\n                        x: params.x[v],\n                        y: params.y[v],\n                        type: 'bar',\n                        name: v,\n                    });\n\t\t                return acc;\n                }, []);\n                if (Object.keys(obj).length === 0) {\n                    obj = {\n                        data: tmpData,\n                        layout: {\n                            title: params.title,\n                            font: {\n                                family: \"Saira, 'Nunito Sans'\",\n                            },\n                            ...tmpRange,\n                        },\n                    };\n                } else {\n                    obj = {\n                        ...obj,\n                        data: obj.data.concat(tmpData),\n                    };\n                }\n                break;\n\n            case 'line':\n                tmpData = Object.keys(params.y).reduce((acc, v) => {\n                    acc.push({\n                        x: params.x[v],\n                        y: params.y[v],\n                        type: 'scatter',\n                        name: v,\n                    });\n                    return acc;\n                }, []);\n                if (Object.keys(obj).length === 0) {\n                    obj = {\n                        data: tmpData,\n                        layout: {\n                            title: params.title,\n                            font: {\n                                family: \"Saira, 'Nunito Sans'\",\n                            },\n                            ...tmpRange,\n                        },\n                    };\n                } else {\n                    obj = {\n                        ...obj,\n                        data: obj.data.concat(tmpData),\n                    };\n                }\n                break;\n\n            case 'box plot':\n                tmpData = Object.keys(params.y).reduce((acc, v) => {\n                    acc.push({\n                        y: params.y[v],\n                        type: 'box',\n                        name: v,\n                    });\n\t\t                return acc;\n                }, []);\n                if (Object.keys(obj).length === 0) {\n                    obj = {\n                        data: tmpData,\n                        layout: {\n                            title: params.title,\n                            font: {\n                                family: \"Saira, 'Nunito Sans'\",\n                            },\n                            ...tmpRange,\n                        },\n                    };\n                } else {\n                    obj = {\n                        ...obj,\n                        data: obj.data.concat(tmpData),\n                    };\n                }\n                break;\n\n            case 'density plot':\n                tmpData = Object.keys(params.y).reduce((acc, v) => {\n                    acc.push(\n                        {\n                            x: params.x[v],\n                            y: params.y[v],\n                            mode: 'markers',\n                            name: v,\n                            marker: {\n                                color: 'rgb(245,245,245)',\n                                size: 1.5,\n                                opacity: 0.7,\n                            },\n                            type: 'scatter',\n                        },\n                        {\n                            x: params.x[v],\n                            y: params.y[v],\n                            name: v,\n                            ncontours: 20,\n                            colorscale: 'Blues',\n                            reversescale: true,\n                            showscale: false,\n                            type: 'histogram2dcontour',\n                        },\n                    );\n\t\t                return acc;\n                }, []);\n\n                if (params.range.x.length > 0) {\n                    tmpDensityRange['xaxis'] = {\n                        showgrid: false,\n                        zeroline: false,\n                        range: params.range.x,\n                    };\n                }\n\n                if (params.range.y.length > 0) {\n                    tmpDensityRange['yaxis'] = {\n                        showgrid: false,\n                        zeroline: false,\n                        range: params.range.y,\n                    };\n                }\n\n                if (Object.keys(obj).length === 0) {\n                    obj = {\n                        data: tmpData,\n                        layout: {\n                            title: params.title,\n                            font: {\n                                family: \"Saira, 'Nunito Sans'\",\n                            },\n                            showlegend: false,\n                            hovermode: 'closest',\n                            bargap: 0,\n                            ...tmpDensityRange,\n                        },\n                    };\n                } else {\n                    obj = {\n                        ...obj,\n                        data: obj.data.concat(tmpData),\n                    };\n                }\n                break;\n\n            case 'bubble chart':\n                tmpData = Object.keys(params.y).reduce((acc, v) => {\n                    acc.push({\n                        x: params.x[v],\n                        y: params.y[v],\n                        mode: 'markers',\n                        name: v,\n                        marker: {\n                            color: 'rgb(93, 164, 214)',\n                            size: params.z,\n                        },\n                    });\n\t\t                return acc;\n                }, []);\n                if (Object.keys(obj).length === 0) {\n                    obj = {\n                        data: tmpData,\n                        layout: {\n                            title: params.title,\n                            font: {\n                                family: \"Saira, 'Nunito Sans'\",\n                            },\n                            ...tmpRange,\n                        },\n                    };\n                } else {\n                    obj = {\n                        ...obj,\n                        data: obj.data.concat(tmpData),\n                    };\n                }\n                break;\n        }\n        return obj;\n    };\n\n    params.type.forEach((v) => {\n        tmpGraphProp = createPropData(tmpGraphProp, v, params);\n    });\n\n    Plotly.newPlot(element, tmpGraphProp.data, tmpGraphProp.layout);\n\n    if (params.func) {\n        element.on('plotly_relayout', params.func);\n    }\n}\n",
                    "type": "system"
                }
            ],
            "items": []
        }
    },
    {
        "analysis": {
            "script": {
                "db_id": null,
                "file_name": null,
                "script": null,
                "sql": "",
                "use_script": false
            },
            "setting": {
                "aggregation_default": {
                    "type": "period",
                    "val": "1d"
                },
                "filter_default": [],
                "items": []
            },
            "type": "none"
        },
        "category": {
            "title": "Focus"
        },
        "convert": {
            "script": {
                "file_name": null,
                "script": null,
                "use_script": false
            }
        },
        "func": {
            "info": {
                "log_name": "PLATEFOCUSINTERLOCKMONITOR"
            },
            "script": {
                "file_name": null,
                "script": null,
                "use_script": false
            },
            "source_type": "local",
            "system_func": true,
            "title": "PlateFocusInterlockMonitor"
        },
        "visualization": {
            "function_graph_type": [
                {
                    "id": null,
                    "name": "default",
                    "script": "function renderGraph(Plotly, element, params) {\n    let tmpGraphProp = {};\n\n    const createPropData = (obj, type, params) => {\n        let tmpRange = {},\n            tmpDensityRange = {},\n            tmpData = [];\n\n        if (params.range.x.length > 0) {\n            tmpRange['xaxis'] = {\n                range: params.range.x,\n            };\n        }\n\n        if (params.range.y.length > 0) {\n            tmpRange['yaxis'] = {\n                range: params.range.y,\n            };\n        }\n\n        switch (type.toLowerCase()) {\n            case 'bar':\n            default:\n                tmpData = Object.keys(params.y).reduce((acc, v) => {\n                    acc.push({\n                        x: params.x[v],\n                        y: params.y[v],\n                        type: 'bar',\n                        name: v,\n                    });\n\t\t                return acc;\n                }, []);\n                if (Object.keys(obj).length === 0) {\n                    obj = {\n                        data: tmpData,\n                        layout: {\n                            title: params.title,\n                            font: {\n                                family: \"Saira, 'Nunito Sans'\",\n                            },\n                            ...tmpRange,\n                        },\n                    };\n                } else {\n                    obj = {\n                        ...obj,\n                        data: obj.data.concat(tmpData),\n                    };\n                }\n                break;\n\n            case 'line':\n                tmpData = Object.keys(params.y).reduce((acc, v) => {\n                    acc.push({\n                        x: params.x[v],\n                        y: params.y[v],\n                        type: 'scatter',\n                        name: v,\n                    });\n                    return acc;\n                }, []);\n                if (Object.keys(obj).length === 0) {\n                    obj = {\n                        data: tmpData,\n                        layout: {\n                            title: params.title,\n                            font: {\n                                family: \"Saira, 'Nunito Sans'\",\n                            },\n                            ...tmpRange,\n                        },\n                    };\n                } else {\n                    obj = {\n                        ...obj,\n                        data: obj.data.concat(tmpData),\n                    };\n                }\n                break;\n\n            case 'box plot':\n                tmpData = Object.keys(params.y).reduce((acc, v) => {\n                    acc.push({\n                        y: params.y[v],\n                        type: 'box',\n                        name: v,\n                    });\n\t\t                return acc;\n                }, []);\n                if (Object.keys(obj).length === 0) {\n                    obj = {\n                        data: tmpData,\n                        layout: {\n                            title: params.title,\n                            font: {\n                                family: \"Saira, 'Nunito Sans'\",\n                            },\n                            ...tmpRange,\n                        },\n                    };\n                } else {\n                    obj = {\n                        ...obj,\n                        data: obj.data.concat(tmpData),\n                    };\n                }\n                break;\n\n            case 'density plot':\n                tmpData = Object.keys(params.y).reduce((acc, v) => {\n                    acc.push(\n                        {\n                            x: params.x[v],\n                            y: params.y[v],\n                            mode: 'markers',\n                            name: v,\n                            marker: {\n                                color: 'rgb(245,245,245)',\n                                size: 1.5,\n                                opacity: 0.7,\n                            },\n                            type: 'scatter',\n                        },\n                        {\n                            x: params.x[v],\n                            y: params.y[v],\n                            name: v,\n                            ncontours: 20,\n                            colorscale: 'Blues',\n                            reversescale: true,\n                            showscale: false,\n                            type: 'histogram2dcontour',\n                        },\n                    );\n\t\t                return acc;\n                }, []);\n\n                if (params.range.x.length > 0) {\n                    tmpDensityRange['xaxis'] = {\n                        showgrid: false,\n                        zeroline: false,\n                        range: params.range.x,\n                    };\n                }\n\n                if (params.range.y.length > 0) {\n                    tmpDensityRange['yaxis'] = {\n                        showgrid: false,\n                        zeroline: false,\n                        range: params.range.y,\n                    };\n                }\n\n                if (Object.keys(obj).length === 0) {\n                    obj = {\n                        data: tmpData,\n                        layout: {\n                            title: params.title,\n                            font: {\n                                family: \"Saira, 'Nunito Sans'\",\n                            },\n                            showlegend: false,\n                            hovermode: 'closest',\n                            bargap: 0,\n                            ...tmpDensityRange,\n                        },\n                    };\n                } else {\n                    obj = {\n                        ...obj,\n                        data: obj.data.concat(tmpData),\n                    };\n                }\n                break;\n\n            case 'bubble chart':\n                tmpData = Object.keys(params.y).reduce((acc, v) => {\n                    acc.push({\n                        x: params.x[v],\n                        y: params.y[v],\n                        mode: 'markers',\n                        name: v,\n                        marker: {\n                            color: 'rgb(93, 164, 214)',\n                            size: params.z,\n                        },\n                    });\n\t\t                return acc;\n                }, []);\n                if (Object.keys(obj).length === 0) {\n                    obj = {\n                        data: tmpData,\n                        layout: {\n                            title: params.title,\n                            font: {\n                                family: \"Saira, 'Nunito Sans'\",\n                            },\n                            ...tmpRange,\n                        },\n                    };\n                } else {\n                    obj = {\n                        ...obj,\n                        data: obj.data.concat(tmpData),\n                    };\n                }\n                break;\n        }\n        return obj;\n    };\n\n    params.type.forEach((v) => {\n        tmpGraphProp = createPropData(tmpGraphProp, v, params);\n    });\n\n    Plotly.newPlot(element, tmpGraphProp.data, tmpGraphProp.layout);\n\n    if (params.func) {\n        element.on('plotly_relayout', params.func);\n    }\n}\n",
                    "type": "system"
                }
            ],
            "items": []
        }
    },
    {
        "analysis": {
            "script": {
                "db_id": null,
                "file_name": null,
                "script": null,
                "sql": "",
                "use_script": false
            },
            "setting": {
                "aggregation_default": {
                    "type": "period",
                    "val": "1d"
                },
                "filter_default": [],
                "items": []
            },
            "type": "none"
        },
        "category": {
            "title": "Focus"
        },
        "convert": {
            "script": {
                "file_name": "convert_machine.py",
                "script": "from resource.script.convert_base import ConvertBase\r\n\r\nimport pandas as pd\r\n\r\n\r\nclass ConvertScript(ConvertBase):\r\n    \"\"\"\r\n    .. class:: ConvertScript\r\n\r\n        This class is for converting input file by user script.\r\n    \"\"\"\r\n\r\n    def __init__(self, **kwargs):\r\n        super().__init__(**kwargs)\r\n\r\n    def run(self) -> pd.DataFrame:\r\n        \"\"\"\r\n        This method will be called by sub process(convert process). Fix this method as you want.\r\n\r\n        :return: DataFrame\r\n        \"\"\"\r\n\r\n        result_list = list()\r\n\r\n        # Read Log File\r\n        lines = self.readlines()\r\n\r\n        for line in lines:\r\n            linelog = line.strip().split(',')\r\n\r\n            if len(linelog) == 2:\r\n                result_list.append({'key': linelog[0], 'val': linelog[1]})\r\n\r\n        df = pd.DataFrame(result_list)\r\n\r\n        return df\r\n",
                "use_script": true
            }
        },
        "func": {
            "info": {
                "log_name": "machine"
            },
            "script": {
                "file_name": null,
                "script": null,
                "use_script": false
            },
            "source_type": "local",
            "system_func": true,
            "title": "machine"
        },
        "visualization": {
            "function_graph_type": [
                {
                    "id": null,
                    "name": "default",
                    "script": "function renderGraph(Plotly, element, params) {\n    let tmpGraphProp = {};\n\n    const createPropData = (obj, type, params) => {\n        let tmpRange = {},\n            tmpDensityRange = {},\n            tmpData = [];\n\n        if (params.range.x.length > 0) {\n            tmpRange['xaxis'] = {\n                range: params.range.x,\n            };\n        }\n\n        if (params.range.y.length > 0) {\n            tmpRange['yaxis'] = {\n                range: params.range.y,\n            };\n        }\n\n        switch (type.toLowerCase()) {\n            case 'bar':\n            default:\n                tmpData = Object.keys(params.y).reduce((acc, v) => {\n                    acc.push({\n                        x: params.x[v],\n                        y: params.y[v],\n                        type: 'bar',\n                        name: v,\n                    });\n\t\t                return acc;\n                }, []);\n                if (Object.keys(obj).length === 0) {\n                    obj = {\n                        data: tmpData,\n                        layout: {\n                            title: params.title,\n                            font: {\n                                family: \"Saira, 'Nunito Sans'\",\n                            },\n                            ...tmpRange,\n                        },\n                    };\n                } else {\n                    obj = {\n                        ...obj,\n                        data: obj.data.concat(tmpData),\n                    };\n                }\n                break;\n\n            case 'line':\n                tmpData = Object.keys(params.y).reduce((acc, v) => {\n                    acc.push({\n                        x: params.x[v],\n                        y: params.y[v],\n                        type: 'scatter',\n                        name: v,\n                    });\n                    return acc;\n                }, []);\n                if (Object.keys(obj).length === 0) {\n                    obj = {\n                        data: tmpData,\n                        layout: {\n                            title: params.title,\n                            font: {\n                                family: \"Saira, 'Nunito Sans'\",\n                            },\n                            ...tmpRange,\n                        },\n                    };\n                } else {\n                    obj = {\n                        ...obj,\n                        data: obj.data.concat(tmpData),\n                    };\n                }\n                break;\n\n            case 'box plot':\n                tmpData = Object.keys(params.y).reduce((acc, v) => {\n                    acc.push({\n                        y: params.y[v],\n                        type: 'box',\n                        name: v,\n                    });\n\t\t                return acc;\n                }, []);\n                if (Object.keys(obj).length === 0) {\n                    obj = {\n                        data: tmpData,\n                        layout: {\n                            title: params.title,\n                            font: {\n                                family: \"Saira, 'Nunito Sans'\",\n                            },\n                            ...tmpRange,\n                        },\n                    };\n                } else {\n                    obj = {\n                        ...obj,\n                        data: obj.data.concat(tmpData),\n                    };\n                }\n                break;\n\n            case 'density plot':\n                tmpData = Object.keys(params.y).reduce((acc, v) => {\n                    acc.push(\n                        {\n                            x: params.x[v],\n                            y: params.y[v],\n                            mode: 'markers',\n                            name: v,\n                            marker: {\n                                color: 'rgb(245,245,245)',\n                                size: 1.5,\n                                opacity: 0.7,\n                            },\n                            type: 'scatter',\n                        },\n                        {\n                            x: params.x[v],\n                            y: params.y[v],\n                            name: v,\n                            ncontours: 20,\n                            colorscale: 'Blues',\n                            reversescale: true,\n                            showscale: false,\n                            type: 'histogram2dcontour',\n                        },\n                    );\n\t\t                return acc;\n                }, []);\n\n                if (params.range.x.length > 0) {\n                    tmpDensityRange['xaxis'] = {\n                        showgrid: false,\n                        zeroline: false,\n                        range: params.range.x,\n                    };\n                }\n\n                if (params.range.y.length > 0) {\n                    tmpDensityRange['yaxis'] = {\n                        showgrid: false,\n                        zeroline: false,\n                        range: params.range.y,\n                    };\n                }\n\n                if (Object.keys(obj).length === 0) {\n                    obj = {\n                        data: tmpData,\n                        layout: {\n                            title: params.title,\n                            font: {\n                                family: \"Saira, 'Nunito Sans'\",\n                            },\n                            showlegend: false,\n                            hovermode: 'closest',\n                            bargap: 0,\n                            ...tmpDensityRange,\n                        },\n                    };\n                } else {\n                    obj = {\n                        ...obj,\n                        data: obj.data.concat(tmpData),\n                    };\n                }\n                break;\n\n            case 'bubble chart':\n                tmpData = Object.keys(params.y).reduce((acc, v) => {\n                    acc.push({\n                        x: params.x[v],\n                        y: params.y[v],\n                        mode: 'markers',\n                        name: v,\n                        marker: {\n                            color: 'rgb(93, 164, 214)',\n                            size: params.z,\n                        },\n                    });\n\t\t                return acc;\n                }, []);\n                if (Object.keys(obj).length === 0) {\n                    obj = {\n                        data: tmpData,\n                        layout: {\n                            title: params.title,\n                            font: {\n                                family: \"Saira, 'Nunito Sans'\",\n                            },\n                            ...tmpRange,\n                        },\n                    };\n                } else {\n                    obj = {\n                        ...obj,\n                        data: obj.data.concat(tmpData),\n                    };\n                }\n                break;\n        }\n        return obj;\n    };\n\n    params.type.forEach((v) => {\n        tmpGraphProp = createPropData(tmpGraphProp, v, params);\n    });\n\n    Plotly.newPlot(element, tmpGraphProp.data, tmpGraphProp.layout);\n\n    if (params.func) {\n        element.on('plotly_relayout', params.func);\n    }\n}\n",
                    "type": "system"
                }
            ],
            "items": []
        }
    },
    {
        "analysis": {
            "script": {
                "db_id": null,
                "file_name": null,
                "script": null,
                "sql": "",
                "use_script": false
            },
            "setting": {
                "aggregation_default": {
                    "type": "period",
                    "val": "1d"
                },
                "filter_default": [],
                "items": []
            },
            "type": "none"
        },
        "category": {
            "title": "Focus"
        },
        "convert": {
            "script": {
                "file_name": "convert_process.py",
                "script": "from resource.script.convert_base import ConvertBase\r\n\r\nimport pandas as pd\r\n\r\n\r\nclass ConvertScript(ConvertBase):\r\n    \"\"\"\r\n    .. class:: ConvertScript\r\n\r\n        This class is for converting input file by user script.\r\n    \"\"\"\r\n\r\n    def __init__(self, **kwargs):\r\n        super().__init__(**kwargs)\r\n\r\n    def run(self) -> pd.DataFrame:\r\n        \"\"\"\r\n        This method will be called by sub process(convert process). Fix this method as you want.\r\n\r\n        :return: DataFrame\r\n        \"\"\"\r\n\r\n        result_list = list()\r\n\r\n        # Read Log File\r\n        lines = self.readlines()\r\n\r\n        for line in lines:\r\n            linelog = line.strip().split(',')\r\n\r\n            if len(linelog) == 2:\r\n                result_list.append({'key': linelog[0], 'val': linelog[1]})\r\n\r\n        df = pd.DataFrame(result_list)\r\n\r\n        return df\r\n",
                "use_script": true
            }
        },
        "func": {
            "info": {
                "log_name": "process"
            },
            "script": {
                "file_name": null,
                "script": null,
                "use_script": false
            },
            "source_type": "local",
            "system_func": true,
            "title": "process"
        },
        "visualization": {
            "function_graph_type": [
                {
                    "id": null,
                    "name": "default",
                    "script": "function renderGraph(Plotly, element, params) {\n    let tmpGraphProp = {};\n\n    const createPropData = (obj, type, params) => {\n        let tmpRange = {},\n            tmpDensityRange = {},\n            tmpData = [];\n\n        if (params.range.x.length > 0) {\n            tmpRange['xaxis'] = {\n                range: params.range.x,\n            };\n        }\n\n        if (params.range.y.length > 0) {\n            tmpRange['yaxis'] = {\n                range: params.range.y,\n            };\n        }\n\n        switch (type.toLowerCase()) {\n            case 'bar':\n            default:\n                tmpData = Object.keys(params.y).reduce((acc, v) => {\n                    acc.push({\n                        x: params.x[v],\n                        y: params.y[v],\n                        type: 'bar',\n                        name: v,\n                    });\n\t\t                return acc;\n                }, []);\n                if (Object.keys(obj).length === 0) {\n                    obj = {\n                        data: tmpData,\n                        layout: {\n                            title: params.title,\n                            font: {\n                                family: \"Saira, 'Nunito Sans'\",\n                            },\n                            ...tmpRange,\n                        },\n                    };\n                } else {\n                    obj = {\n                        ...obj,\n                        data: obj.data.concat(tmpData),\n                    };\n                }\n                break;\n\n            case 'line':\n                tmpData = Object.keys(params.y).reduce((acc, v) => {\n                    acc.push({\n                        x: params.x[v],\n                        y: params.y[v],\n                        type: 'scatter',\n                        name: v,\n                    });\n                    return acc;\n                }, []);\n                if (Object.keys(obj).length === 0) {\n                    obj = {\n                        data: tmpData,\n                        layout: {\n                            title: params.title,\n                            font: {\n                                family: \"Saira, 'Nunito Sans'\",\n                            },\n                            ...tmpRange,\n                        },\n                    };\n                } else {\n                    obj = {\n                        ...obj,\n                        data: obj.data.concat(tmpData),\n                    };\n                }\n                break;\n\n            case 'box plot':\n                tmpData = Object.keys(params.y).reduce((acc, v) => {\n                    acc.push({\n                        y: params.y[v],\n                        type: 'box',\n                        name: v,\n                    });\n\t\t                return acc;\n                }, []);\n                if (Object.keys(obj).length === 0) {\n                    obj = {\n                        data: tmpData,\n                        layout: {\n                            title: params.title,\n                            font: {\n                                family: \"Saira, 'Nunito Sans'\",\n                            },\n                            ...tmpRange,\n                        },\n                    };\n                } else {\n                    obj = {\n                        ...obj,\n                        data: obj.data.concat(tmpData),\n                    };\n                }\n                break;\n\n            case 'density plot':\n                tmpData = Object.keys(params.y).reduce((acc, v) => {\n                    acc.push(\n                        {\n                            x: params.x[v],\n                            y: params.y[v],\n                            mode: 'markers',\n                            name: v,\n                            marker: {\n                                color: 'rgb(245,245,245)',\n                                size: 1.5,\n                                opacity: 0.7,\n                            },\n                            type: 'scatter',\n                        },\n                        {\n                            x: params.x[v],\n                            y: params.y[v],\n                            name: v,\n                            ncontours: 20,\n                            colorscale: 'Blues',\n                            reversescale: true,\n                            showscale: false,\n                            type: 'histogram2dcontour',\n                        },\n                    );\n\t\t                return acc;\n                }, []);\n\n                if (params.range.x.length > 0) {\n                    tmpDensityRange['xaxis'] = {\n                        showgrid: false,\n                        zeroline: false,\n                        range: params.range.x,\n                    };\n                }\n\n                if (params.range.y.length > 0) {\n                    tmpDensityRange['yaxis'] = {\n                        showgrid: false,\n                        zeroline: false,\n                        range: params.range.y,\n                    };\n                }\n\n                if (Object.keys(obj).length === 0) {\n                    obj = {\n                        data: tmpData,\n                        layout: {\n                            title: params.title,\n                            font: {\n                                family: \"Saira, 'Nunito Sans'\",\n                            },\n                            showlegend: false,\n                            hovermode: 'closest',\n                            bargap: 0,\n                            ...tmpDensityRange,\n                        },\n                    };\n                } else {\n                    obj = {\n                        ...obj,\n                        data: obj.data.concat(tmpData),\n                    };\n                }\n                break;\n\n            case 'bubble chart':\n                tmpData = Object.keys(params.y).reduce((acc, v) => {\n                    acc.push({\n                        x: params.x[v],\n                        y: params.y[v],\n                        mode: 'markers',\n                        name: v,\n                        marker: {\n                            color: 'rgb(93, 164, 214)',\n                            size: params.z,\n                        },\n                    });\n\t\t                return acc;\n                }, []);\n                if (Object.keys(obj).length === 0) {\n                    obj = {\n                        data: tmpData,\n                        layout: {\n                            title: params.title,\n                            font: {\n                                family: \"Saira, 'Nunito Sans'\",\n                            },\n                            ...tmpRange,\n                        },\n                    };\n                } else {\n                    obj = {\n                        ...obj,\n                        data: obj.data.concat(tmpData),\n                    };\n                }\n                break;\n        }\n        return obj;\n    };\n\n    params.type.forEach((v) => {\n        tmpGraphProp = createPropData(tmpGraphProp, v, params);\n    });\n\n    Plotly.newPlot(element, tmpGraphProp.data, tmpGraphProp.layout);\n\n    if (params.func) {\n        element.on('plotly_relayout', params.func);\n    }\n}\n",
                    "type": "system"
                }
            ],
            "items": []
        }
    },
    {
        "analysis": {
            "script": {
                "db_id": null,
                "file_name": null,
                "script": null,
                "sql": "",
                "use_script": false
            },
            "setting": {
                "aggregation_default": {
                    "type": "period",
                    "val": "1d"
                },
                "filter_default": [],
                "items": []
            },
            "type": "none"
        },
        "category": {
            "title": "Focus"
        },
        "convert": {
            "script": {
                "file_name": null,
                "script": null,
                "use_script": false
            }
        },
        "func": {
            "info": {
                "log_name": "StatusMonitor"
            },
            "script": {
                "file_name": null,
                "script": null,
                "use_script": false
            },
            "source_type": "local",
            "system_func": true,
            "title": "StatusMonitor"
        },
        "visualization": {
            "function_graph_type": [
                {
                    "id": null,
                    "name": "default",
                    "script": "function renderGraph(Plotly, element, params) {\n    let tmpGraphProp = {};\n\n    const createPropData = (obj, type, params) => {\n        let tmpRange = {},\n            tmpDensityRange = {},\n            tmpData = [];\n\n        if (params.range.x.length > 0) {\n            tmpRange['xaxis'] = {\n                range: params.range.x,\n            };\n        }\n\n        if (params.range.y.length > 0) {\n            tmpRange['yaxis'] = {\n                range: params.range.y,\n            };\n        }\n\n        switch (type.toLowerCase()) {\n            case 'bar':\n            default:\n                tmpData = Object.keys(params.y).reduce((acc, v) => {\n                    acc.push({\n                        x: params.x[v],\n                        y: params.y[v],\n                        type: 'bar',\n                        name: v,\n                    });\n\t\t                return acc;\n                }, []);\n                if (Object.keys(obj).length === 0) {\n                    obj = {\n                        data: tmpData,\n                        layout: {\n                            title: params.title,\n                            font: {\n                                family: \"Saira, 'Nunito Sans'\",\n                            },\n                            ...tmpRange,\n                        },\n                    };\n                } else {\n                    obj = {\n                        ...obj,\n                        data: obj.data.concat(tmpData),\n                    };\n                }\n                break;\n\n            case 'line':\n                tmpData = Object.keys(params.y).reduce((acc, v) => {\n                    acc.push({\n                        x: params.x[v],\n                        y: params.y[v],\n                        type: 'scatter',\n                        name: v,\n                    });\n                    return acc;\n                }, []);\n                if (Object.keys(obj).length === 0) {\n                    obj = {\n                        data: tmpData,\n                        layout: {\n                            title: params.title,\n                            font: {\n                                family: \"Saira, 'Nunito Sans'\",\n                            },\n                            ...tmpRange,\n                        },\n                    };\n                } else {\n                    obj = {\n                        ...obj,\n                        data: obj.data.concat(tmpData),\n                    };\n                }\n                break;\n\n            case 'box plot':\n                tmpData = Object.keys(params.y).reduce((acc, v) => {\n                    acc.push({\n                        y: params.y[v],\n                        type: 'box',\n                        name: v,\n                    });\n\t\t                return acc;\n                }, []);\n                if (Object.keys(obj).length === 0) {\n                    obj = {\n                        data: tmpData,\n                        layout: {\n                            title: params.title,\n                            font: {\n                                family: \"Saira, 'Nunito Sans'\",\n                            },\n                            ...tmpRange,\n                        },\n                    };\n                } else {\n                    obj = {\n                        ...obj,\n                        data: obj.data.concat(tmpData),\n                    };\n                }\n                break;\n\n            case 'density plot':\n                tmpData = Object.keys(params.y).reduce((acc, v) => {\n                    acc.push(\n                        {\n                            x: params.x[v],\n                            y: params.y[v],\n                            mode: 'markers',\n                            name: v,\n                            marker: {\n                                color: 'rgb(245,245,245)',\n                                size: 1.5,\n                                opacity: 0.7,\n                            },\n                            type: 'scatter',\n                        },\n                        {\n                            x: params.x[v],\n                            y: params.y[v],\n                            name: v,\n                            ncontours: 20,\n                            colorscale: 'Blues',\n                            reversescale: true,\n                            showscale: false,\n                            type: 'histogram2dcontour',\n                        },\n                    );\n\t\t                return acc;\n                }, []);\n\n                if (params.range.x.length > 0) {\n                    tmpDensityRange['xaxis'] = {\n                        showgrid: false,\n                        zeroline: false,\n                        range: params.range.x,\n                    };\n                }\n\n                if (params.range.y.length > 0) {\n                    tmpDensityRange['yaxis'] = {\n                        showgrid: false,\n                        zeroline: false,\n                        range: params.range.y,\n                    };\n                }\n\n                if (Object.keys(obj).length === 0) {\n                    obj = {\n                        data: tmpData,\n                        layout: {\n                            title: params.title,\n                            font: {\n                                family: \"Saira, 'Nunito Sans'\",\n                            },\n                            showlegend: false,\n                            hovermode: 'closest',\n                            bargap: 0,\n                            ...tmpDensityRange,\n                        },\n                    };\n                } else {\n                    obj = {\n                        ...obj,\n                        data: obj.data.concat(tmpData),\n                    };\n                }\n                break;\n\n            case 'bubble chart':\n                tmpData = Object.keys(params.y).reduce((acc, v) => {\n                    acc.push({\n                        x: params.x[v],\n                        y: params.y[v],\n                        mode: 'markers',\n                        name: v,\n                        marker: {\n                            color: 'rgb(93, 164, 214)',\n                            size: params.z,\n                        },\n                    });\n\t\t                return acc;\n                }, []);\n                if (Object.keys(obj).length === 0) {\n                    obj = {\n                        data: tmpData,\n                        layout: {\n                            title: params.title,\n                            font: {\n                                family: \"Saira, 'Nunito Sans'\",\n                            },\n                            ...tmpRange,\n                        },\n                    };\n                } else {\n                    obj = {\n                        ...obj,\n                        data: obj.data.concat(tmpData),\n                    };\n                }\n                break;\n        }\n        return obj;\n    };\n\n    params.type.forEach((v) => {\n        tmpGraphProp = createPropData(tmpGraphProp, v, params);\n    });\n\n    Plotly.newPlot(element, tmpGraphProp.data, tmpGraphProp.layout);\n\n    if (params.func) {\n        element.on('plotly_relayout', params.func);\n    }\n}\n",
                    "type": "system"
                }
            ],
            "items": []
        }
    },
    {
        "analysis": {
            "script": {
                "db_id": null,
                "file_name": null,
                "script": null,
                "sql": "",
                "use_script": false
            },
            "setting": {
                "aggregation_default": {
                    "type": "period",
                    "val": "1d"
                },
                "filter_default": [],
                "items": []
            },
            "type": "none"
        },
        "category": {
            "title": "Overlay"
        },
        "convert": {
            "script": {
                "file_name": null,
                "script": null,
                "use_script": false
            }
        },
        "func": {
            "info": {
                "log_name": "OASBASELINEMEASUREMENTMONITOR"
            },
            "script": {
                "file_name": null,
                "script": null,
                "use_script": false
            },
            "source_type": "local",
            "system_func": true,
            "title": "OASBaselineMeasurementMonitor"
        },
        "visualization": {
            "function_graph_type": [
                {
                    "id": null,
                    "name": "default",
                    "script": "function renderGraph(Plotly, element, params) {\n    let tmpGraphProp = {};\n\n    const createPropData = (obj, type, params) => {\n        let tmpRange = {},\n            tmpDensityRange = {},\n            tmpData = [];\n\n        if (params.range.x.length > 0) {\n            tmpRange['xaxis'] = {\n                range: params.range.x,\n            };\n        }\n\n        if (params.range.y.length > 0) {\n            tmpRange['yaxis'] = {\n                range: params.range.y,\n            };\n        }\n\n        switch (type.toLowerCase()) {\n            case 'bar':\n            default:\n                tmpData = Object.keys(params.y).reduce((acc, v) => {\n                    acc.push({\n                        x: params.x[v],\n                        y: params.y[v],\n                        type: 'bar',\n                        name: v,\n                    });\n\t\t                return acc;\n                }, []);\n                if (Object.keys(obj).length === 0) {\n                    obj = {\n                        data: tmpData,\n                        layout: {\n                            title: params.title,\n                            font: {\n                                family: \"Saira, 'Nunito Sans'\",\n                            },\n                            ...tmpRange,\n                        },\n                    };\n                } else {\n                    obj = {\n                        ...obj,\n                        data: obj.data.concat(tmpData),\n                    };\n                }\n                break;\n\n            case 'line':\n                tmpData = Object.keys(params.y).reduce((acc, v) => {\n                    acc.push({\n                        x: params.x[v],\n                        y: params.y[v],\n                        type: 'scatter',\n                        name: v,\n                    });\n                    return acc;\n                }, []);\n                if (Object.keys(obj).length === 0) {\n                    obj = {\n                        data: tmpData,\n                        layout: {\n                            title: params.title,\n                            font: {\n                                family: \"Saira, 'Nunito Sans'\",\n                            },\n                            ...tmpRange,\n                        },\n                    };\n                } else {\n                    obj = {\n                        ...obj,\n                        data: obj.data.concat(tmpData),\n                    };\n                }\n                break;\n\n            case 'box plot':\n                tmpData = Object.keys(params.y).reduce((acc, v) => {\n                    acc.push({\n                        y: params.y[v],\n                        type: 'box',\n                        name: v,\n                    });\n\t\t                return acc;\n                }, []);\n                if (Object.keys(obj).length === 0) {\n                    obj = {\n                        data: tmpData,\n                        layout: {\n                            title: params.title,\n                            font: {\n                                family: \"Saira, 'Nunito Sans'\",\n                            },\n                            ...tmpRange,\n                        },\n                    };\n                } else {\n                    obj = {\n                        ...obj,\n                        data: obj.data.concat(tmpData),\n                    };\n                }\n                break;\n\n            case 'density plot':\n                tmpData = Object.keys(params.y).reduce((acc, v) => {\n                    acc.push(\n                        {\n                            x: params.x[v],\n                            y: params.y[v],\n                            mode: 'markers',\n                            name: v,\n                            marker: {\n                                color: 'rgb(245,245,245)',\n                                size: 1.5,\n                                opacity: 0.7,\n                            },\n                            type: 'scatter',\n                        },\n                        {\n                            x: params.x[v],\n                            y: params.y[v],\n                            name: v,\n                            ncontours: 20,\n                            colorscale: 'Blues',\n                            reversescale: true,\n                            showscale: false,\n                            type: 'histogram2dcontour',\n                        },\n                    );\n\t\t                return acc;\n                }, []);\n\n                if (params.range.x.length > 0) {\n                    tmpDensityRange['xaxis'] = {\n                        showgrid: false,\n                        zeroline: false,\n                        range: params.range.x,\n                    };\n                }\n\n                if (params.range.y.length > 0) {\n                    tmpDensityRange['yaxis'] = {\n                        showgrid: false,\n                        zeroline: false,\n                        range: params.range.y,\n                    };\n                }\n\n                if (Object.keys(obj).length === 0) {\n                    obj = {\n                        data: tmpData,\n                        layout: {\n                            title: params.title,\n                            font: {\n                                family: \"Saira, 'Nunito Sans'\",\n                            },\n                            showlegend: false,\n                            hovermode: 'closest',\n                            bargap: 0,\n                            ...tmpDensityRange,\n                        },\n                    };\n                } else {\n                    obj = {\n                        ...obj,\n                        data: obj.data.concat(tmpData),\n                    };\n                }\n                break;\n\n            case 'bubble chart':\n                tmpData = Object.keys(params.y).reduce((acc, v) => {\n                    acc.push({\n                        x: params.x[v],\n                        y: params.y[v],\n                        mode: 'markers',\n                        name: v,\n                        marker: {\n                            color: 'rgb(93, 164, 214)',\n                            size: params.z,\n                        },\n                    });\n\t\t                return acc;\n                }, []);\n                if (Object.keys(obj).length === 0) {\n                    obj = {\n                        data: tmpData,\n                        layout: {\n                            title: params.title,\n                            font: {\n                                family: \"Saira, 'Nunito Sans'\",\n                            },\n                            ...tmpRange,\n                        },\n                    };\n                } else {\n                    obj = {\n                        ...obj,\n                        data: obj.data.concat(tmpData),\n                    };\n                }\n                break;\n        }\n        return obj;\n    };\n\n    params.type.forEach((v) => {\n        tmpGraphProp = createPropData(tmpGraphProp, v, params);\n    });\n\n    Plotly.newPlot(element, tmpGraphProp.data, tmpGraphProp.layout);\n\n    if (params.func) {\n        element.on('plotly_relayout', params.func);\n    }\n}\n",
                    "type": "system"
                }
            ],
            "items": []
        }
    }
]