[
    {
        "convert_rule": [
            {
                "convert_rule_item": [
                    {
                        "coef": null,
                        "col_index": 1,
                        "data_type": "text",
                        "def_type": "null",
                        "def_val": "null",
                        "name": "key",
                        "output_column": "key",
                        "row_index": null,
                        "skip": 0,
                        "type": "header",
                        "unit": ""
                    },
                    {
                        "coef": null,
                        "col_index": 2,
                        "data_type": "text",
                        "def_type": "null",
                        "def_val": "null",
                        "name": "val",
                        "output_column": "val",
                        "row_index": null,
                        "skip": 0,
                        "type": "header",
                        "unit": ""
                    }
                ],
                "rule_name": "INFO_0_HEADER_2",
                "\"commit\"": true
            }
        ],
        "log_define_master": {
            "input_type": "csv",
            "log_name": "process",
            "table_name": "process",
            "tag": ".pro"
        }
    },
    {
        "convert_rule": [
            {
                "convert_rule_item": [
                    {
                        "coef": 1.0,
                        "col_index": 1,
                        "data_type": "integer",
                        "def_type": "null",
                        "def_val": "null",
                        "name": "Table No.",
                        "output_column": "table_no",
                        "row_index": null,
                        "skip": 0,
                        "type": "header",
                        "unit": ""
                    },
                    {
                        "coef": 1.0,
                        "col_index": 2,
                        "data_type": "integer",
                        "def_type": "null",
                        "def_val": "null",
                        "name": "Adj. Mode",
                        "output_column": "adj_mode",
                        "row_index": null,
                        "skip": 0,
                        "type": "header",
                        "unit": ""
                    },
                    {
                        "coef": 1.0,
                        "col_index": 3,
                        "data_type": "integer",
                        "def_type": "null",
                        "def_val": "null",
                        "name": "Base Ill.",
                        "output_column": "base_ill",
                        "row_index": null,
                        "skip": 0,
                        "type": "header",
                        "unit": ""
                    },
                    {
                        "coef": 1.0,
                        "col_index": 4,
                        "data_type": "integer",
                        "def_type": "null",
                        "def_val": "null",
                        "name": "Base Speed",
                        "output_column": "base_speed",
                        "row_index": null,
                        "skip": 0,
                        "type": "header",
                        "unit": ""
                    },
                    {
                        "coef": 1.0,
                        "col_index": 5,
                        "data_type": "integer",
                        "def_type": "null",
                        "def_val": "null",
                        "name": "Mode",
                        "output_column": "mode",
                        "row_index": null,
                        "skip": 0,
                        "type": "header",
                        "unit": ""
                    },
                    {
                        "coef": 1.0,
                        "col_index": 6,
                        "data_type": "integer",
                        "def_type": "null",
                        "def_val": "null",
                        "name": "FlyEye S/D",
                        "output_column": "fly_eye_s_d",
                        "row_index": null,
                        "skip": 0,
                        "type": "header",
                        "unit": ""
                    },
                    {
                        "coef": 1.0,
                        "col_index": 7,
                        "data_type": "integer",
                        "def_type": "null",
                        "def_val": "null",
                        "name": "Slit Pos.",
                        "output_column": "slit_pos",
                        "row_index": null,
                        "skip": 0,
                        "type": "header",
                        "unit": ""
                    },
                    {
                        "coef": 1.0,
                        "col_index": 8,
                        "data_type": "integer",
                        "def_type": "null",
                        "def_val": "null",
                        "name": "Lamp Num.",
                        "output_column": "lamp_num",
                        "row_index": null,
                        "skip": 0,
                        "type": "header",
                        "unit": ""
                    },
                    {
                        "coef": 1.0,
                        "col_index": 9,
                        "data_type": "integer",
                        "def_type": "null",
                        "def_val": "null",
                        "name": "ND Pos.",
                        "output_column": "nd_pos",
                        "row_index": null,
                        "skip": 0,
                        "type": "header",
                        "unit": ""
                    }
                ],
                "rule_name": "INFO_0_HEADER_9",
                "\"commit\"": true
            }
        ],
        "log_define_master": {
            "input_type": "csv",
            "log_name": "ILLUMINANCEMULTITABLE",
            "table_name": "illuminance_multi_table"
        }
    },
    {
        "convert_rule": [
            {
                "convert_rule_item": [
                    {
                        "coef": null,
                        "col_index": 1,
                        "data_type": "text",
                        "def_type": "null",
                        "def_val": "null",
                        "name": "device",
                        "output_column": "device",
                        "row_index": 1.0,
                        "skip": 0,
                        "type": "info",
                        "unit": null
                    },
                    {
                        "coef": null,
                        "col_index": 2,
                        "data_type": "text",
                        "def_type": "null",
                        "def_val": "null",
                        "name": "process",
                        "output_column": "process",
                        "row_index": 1.0,
                        "skip": 0,
                        "type": "info",
                        "unit": null
                    },
                    {
                        "coef": 1.0,
                        "col_index": 1,
                        "data_type": "text",
                        "def_type": "null",
                        "def_val": "null",
                        "name": "24160",
                        "output_column": "plate_no",
                        "row_index": null,
                        "skip": 0,
                        "type": "header",
                        "unit": ""
                    },
                    {
                        "coef": 1.0,
                        "col_index": 2,
                        "data_type": "integer",
                        "def_type": "null",
                        "def_val": "null",
                        "name": "28000",
                        "output_column": "step_no",
                        "row_index": null,
                        "skip": 0,
                        "type": "header",
                        "unit": ""
                    },
                    {
                        "coef": 1.0,
                        "col_index": 3,
                        "data_type": "text",
                        "def_type": "null",
                        "def_val": "null",
                        "name": "28008",
                        "output_column": "position",
                        "row_index": null,
                        "skip": 0,
                        "type": "header",
                        "unit": ""
                    },
                    {
                        "coef": 1000.0,
                        "col_index": 4,
                        "data_type": "float",
                        "def_type": "null",
                        "def_val": "null",
                        "name": "21100",
                        "output_column": "ps_x",
                        "row_index": null,
                        "skip": 0,
                        "type": "header",
                        "unit": "nm"
                    },
                    {
                        "coef": 1000.0,
                        "col_index": 5,
                        "data_type": "float",
                        "def_type": "null",
                        "def_val": "null",
                        "name": "21101",
                        "output_column": "ps_y",
                        "row_index": null,
                        "skip": 0,
                        "type": "header",
                        "unit": "nm"
                    },
                    {
                        "coef": 1000.0,
                        "col_index": 6,
                        "data_type": "float",
                        "def_type": "null",
                        "def_val": "null",
                        "name": "21102",
                        "output_column": "ps_t",
                        "row_index": null,
                        "skip": 0,
                        "type": "header",
                        "unit": "msec"
                    },
                    {
                        "coef": 1000.0,
                        "col_index": 7,
                        "data_type": "float",
                        "def_type": "null",
                        "def_val": "null",
                        "name": "21103",
                        "output_column": "ps_z",
                        "row_index": null,
                        "skip": 0,
                        "type": "header",
                        "unit": "nm"
                    },
                    {
                        "coef": 1000.0,
                        "col_index": 8,
                        "data_type": "float",
                        "def_type": "null",
                        "def_val": "null",
                        "name": "21104",
                        "output_column": "ps_pitch",
                        "row_index": null,
                        "skip": 0,
                        "type": "header",
                        "unit": "msec"
                    },
                    {
                        "coef": 1000.0,
                        "col_index": 9,
                        "data_type": "float",
                        "def_type": "null",
                        "def_val": "null",
                        "name": "21105",
                        "output_column": "ps_roll",
                        "row_index": null,
                        "skip": 0,
                        "type": "header",
                        "unit": "msec"
                    },
                    {
                        "coef": 1000.0,
                        "col_index": 10,
                        "data_type": "float",
                        "def_type": "null",
                        "def_val": "null",
                        "name": "21109",
                        "output_column": "ps_mount_x",
                        "row_index": null,
                        "skip": 0,
                        "type": "header",
                        "unit": "nm"
                    },
                    {
                        "coef": 1000.0,
                        "col_index": 11,
                        "data_type": "float",
                        "def_type": "null",
                        "def_val": "null",
                        "name": "2110A",
                        "output_column": "ps_mount_y",
                        "row_index": null,
                        "skip": 0,
                        "type": "header",
                        "unit": "nm"
                    },
                    {
                        "coef": 1000.0,
                        "col_index": 12,
                        "data_type": "float",
                        "def_type": "null",
                        "def_val": "null",
                        "name": "2110B",
                        "output_column": "ps_mount_t",
                        "row_index": null,
                        "skip": 0,
                        "type": "header",
                        "unit": "msec"
                    },
                    {
                        "coef": 1000.0,
                        "col_index": 13,
                        "data_type": "float",
                        "def_type": "null",
                        "def_val": "null",
                        "name": "2110C",
                        "output_column": "ps_mount_z",
                        "row_index": null,
                        "skip": 0,
                        "type": "header",
                        "unit": "nm"
                    },
                    {
                        "coef": 1000.0,
                        "col_index": 14,
                        "data_type": "float",
                        "def_type": "null",
                        "def_val": "null",
                        "name": "2110D",
                        "output_column": "ps_mount_pitch",
                        "row_index": null,
                        "skip": 0,
                        "type": "header",
                        "unit": "msec"
                    },
                    {
                        "coef": 1000.0,
                        "col_index": 15,
                        "data_type": "float",
                        "def_type": "null",
                        "def_val": "null",
                        "name": "2110E",
                        "output_column": "ps_mount_roll",
                        "row_index": null,
                        "skip": 0,
                        "type": "header",
                        "unit": "msec"
                    },
                    {
                        "coef": 1000.0,
                        "col_index": 16,
                        "data_type": "float",
                        "def_type": "null",
                        "def_val": "null",
                        "name": "21106",
                        "output_column": "ms_x",
                        "row_index": null,
                        "skip": 0,
                        "type": "header",
                        "unit": "nm"
                    },
                    {
                        "coef": 1000.0,
                        "col_index": 17,
                        "data_type": "float",
                        "def_type": "null",
                        "def_val": "null",
                        "name": "21107",
                        "output_column": "ms_y",
                        "row_index": null,
                        "skip": 0,
                        "type": "header",
                        "unit": "nm"
                    },
                    {
                        "coef": 1000.0,
                        "col_index": 18,
                        "data_type": "float",
                        "def_type": "null",
                        "def_val": "null",
                        "name": "21108",
                        "output_column": "ms_z",
                        "row_index": null,
                        "skip": 0,
                        "type": "header",
                        "unit": "nm"
                    },
                    {
                        "coef": 1.0,
                        "col_index": 19,
                        "data_type": "text",
                        "def_type": "null",
                        "def_val": "null",
                        "name": "GlassID",
                        "output_column": "glass_id",
                        "row_index": null,
                        "skip": 0,
                        "type": "header",
                        "unit": ""
                    },
                    {
                        "coef": 1.0,
                        "col_index": 20,
                        "data_type": "text",
                        "def_type": "null",
                        "def_val": "null",
                        "name": "LotID",
                        "output_column": "lot_id",
                        "row_index": null,
                        "skip": 0,
                        "type": "header",
                        "unit": ""
                    },
                    {
                        "coef": 1.0,
                        "col_index": 21,
                        "data_type": "timestamp",
                        "def_type": "null",
                        "def_val": "null",
                        "name": "Date Time",
                        "output_column": "log_time",
                        "row_index": null,
                        "skip": 0,
                        "type": "header",
                        "unit": ""
                    },
                    {
                        "coef": 1.0,
                        "col_index": 22,
                        "data_type": "text",
                        "def_type": "null",
                        "def_val": "null",
                        "name": "Chuck",
                        "output_column": "chuck",
                        "row_index": null,
                        "skip": 0,
                        "type": "header",
                        "unit": ""
                    },
                    {
                        "coef": 1.0,
                        "col_index": 23,
                        "data_type": "text",
                        "def_type": "null",
                        "def_val": "null",
                        "name": "2115D",
                        "output_column": "chuck_t",
                        "row_index": null,
                        "skip": 0,
                        "type": "header",
                        "unit": ""
                    },
                    {
                        "coef": 1.0,
                        "col_index": 24,
                        "data_type": "text",
                        "def_type": "null",
                        "def_val": "null",
                        "name": "DummyLotID",
                        "output_column": "dummy_lot_id",
                        "row_index": null,
                        "skip": 0,
                        "type": "header",
                        "unit": ""
                    }
                ],
                "rule_name": "INFO_2_HEADER_24",
                "\"commit\"": true
            }
        ],
        "log_define_master": {
            "input_type": "csv",
            "log_name": "STAGEPOSITIONMONITOR",
            "table_name": "stage_pos_monitor",
            "tag": "stagepos"
        }
    },
    {
        "convert_rule": [
            {
                "convert_rule_item": [
                    {
                        "coef": null,
                        "col_index": 1,
                        "data_type": "text",
                        "def_type": "null",
                        "def_val": "null",
                        "name": "device",
                        "output_column": "device",
                        "row_index": 1.0,
                        "skip": 0,
                        "type": "info",
                        "unit": null
                    },
                    {
                        "coef": null,
                        "col_index": 2,
                        "data_type": "text",
                        "def_type": "null",
                        "def_val": "null",
                        "name": "process",
                        "output_column": "process",
                        "row_index": 1.0,
                        "skip": 0,
                        "type": "info",
                        "unit": null
                    },
                    {
                        "coef": 1.0,
                        "col_index": 1,
                        "data_type": "text",
                        "def_type": "null",
                        "def_val": "null",
                        "name": "24160",
                        "output_column": "plate_no",
                        "row_index": null,
                        "skip": 0,
                        "type": "header",
                        "unit": ""
                    },
                    {
                        "coef": 1.0,
                        "col_index": 2,
                        "data_type": "integer",
                        "def_type": "null",
                        "def_val": "null",
                        "name": "21FD6",
                        "output_column": "step_no",
                        "row_index": null,
                        "skip": 0,
                        "type": "header",
                        "unit": ""
                    },
                    {
                        "coef": 1.0,
                        "col_index": 3,
                        "data_type": "text",
                        "def_type": "null",
                        "def_val": "null",
                        "name": "21FE0",
                        "output_column": "pos",
                        "row_index": null,
                        "skip": 0,
                        "type": "header",
                        "unit": ""
                    },
                    {
                        "coef": 1000.0,
                        "col_index": 4,
                        "data_type": "float",
                        "def_type": "null",
                        "def_val": "null",
                        "name": "21FE1",
                        "output_column": "zsens_fl",
                        "row_index": null,
                        "skip": 0,
                        "type": "header",
                        "unit": "nm"
                    },
                    {
                        "coef": 1000.0,
                        "col_index": 5,
                        "data_type": "float",
                        "def_type": "null",
                        "def_val": "null",
                        "name": "22058",
                        "output_column": "zsens_fc",
                        "row_index": null,
                        "skip": 0,
                        "type": "header",
                        "unit": "nm"
                    },
                    {
                        "coef": 1000.0,
                        "col_index": 6,
                        "data_type": "float",
                        "def_type": "null",
                        "def_val": "null",
                        "name": "21FE2",
                        "output_column": "zsens_fr",
                        "row_index": null,
                        "skip": 0,
                        "type": "header",
                        "unit": "nm"
                    },
                    {
                        "coef": 1000.0,
                        "col_index": 7,
                        "data_type": "float",
                        "def_type": "null",
                        "def_val": "null",
                        "name": "21FE3",
                        "output_column": "zsens_bl",
                        "row_index": null,
                        "skip": 0,
                        "type": "header",
                        "unit": "nm"
                    },
                    {
                        "coef": 1000.0,
                        "col_index": 8,
                        "data_type": "float",
                        "def_type": "null",
                        "def_val": "null",
                        "name": "22059",
                        "output_column": "zsens_bc",
                        "row_index": null,
                        "skip": 0,
                        "type": "header",
                        "unit": "nm"
                    },
                    {
                        "coef": 1000.0,
                        "col_index": 9,
                        "data_type": "float",
                        "def_type": "null",
                        "def_val": "null",
                        "name": "21FE4",
                        "output_column": "zsens_br",
                        "row_index": null,
                        "skip": 0,
                        "type": "header",
                        "unit": "nm"
                    },
                    {
                        "coef": 1000.0,
                        "col_index": 10,
                        "data_type": "float",
                        "def_type": "null",
                        "def_val": "null",
                        "name": "21FE5",
                        "output_column": "chuck_pos_afc_meas_height",
                        "row_index": null,
                        "skip": 0,
                        "type": "header",
                        "unit": "nm"
                    },
                    {
                        "coef": 1000.0,
                        "col_index": 11,
                        "data_type": "float",
                        "def_type": "null",
                        "def_val": "null",
                        "name": "21FE6",
                        "output_column": "chuck_pos_afc_meas_pitch",
                        "row_index": null,
                        "skip": 0,
                        "type": "header",
                        "unit": "ms"
                    },
                    {
                        "coef": 1000.0,
                        "col_index": 12,
                        "data_type": "float",
                        "def_type": "null",
                        "def_val": "null",
                        "name": "21FE7",
                        "output_column": "chuck_pos_afc_meas_roll",
                        "row_index": null,
                        "skip": 0,
                        "type": "header",
                        "unit": "ms"
                    },
                    {
                        "coef": 1000.0,
                        "col_index": 13,
                        "data_type": "float",
                        "def_type": "null",
                        "def_val": "null",
                        "name": "21FE8",
                        "output_column": "focus_diff_height",
                        "row_index": null,
                        "skip": 0,
                        "type": "header",
                        "unit": "nm"
                    },
                    {
                        "coef": 1000.0,
                        "col_index": 14,
                        "data_type": "float",
                        "def_type": "null",
                        "def_val": "null",
                        "name": "21FE9",
                        "output_column": "focus_diff_roll",
                        "row_index": null,
                        "skip": 0,
                        "type": "header",
                        "unit": "ms"
                    },
                    {
                        "coef": null,
                        "col_index": 15,
                        "data_type": "text",
                        "def_type": "null",
                        "def_val": "null",
                        "name": "21FEA",
                        "output_column": "_21FEA",
                        "row_index": null,
                        "skip": 0,
                        "type": "header",
                        "unit": ""
                    },
                    {
                        "coef": 1000.0,
                        "col_index": 16,
                        "data_type": "float",
                        "def_type": "null",
                        "def_val": "null",
                        "name": "21FFB",
                        "output_column": "tol_height",
                        "row_index": null,
                        "skip": 0,
                        "type": "header",
                        "unit": "nm"
                    },
                    {
                        "coef": 1.0,
                        "col_index": 17,
                        "data_type": "text",
                        "def_type": "null",
                        "def_val": "null",
                        "name": "GlassID",
                        "output_column": "glass_id",
                        "row_index": null,
                        "skip": 0,
                        "type": "header",
                        "unit": ""
                    },
                    {
                        "coef": 1.0,
                        "col_index": 18,
                        "data_type": "text",
                        "def_type": "null",
                        "def_val": "null",
                        "name": "LotID",
                        "output_column": "lot_id",
                        "row_index": null,
                        "skip": 0,
                        "type": "header",
                        "unit": ""
                    },
                    {
                        "coef": 1.0,
                        "col_index": 19,
                        "data_type": "timestamp",
                        "def_type": "null",
                        "def_val": "null",
                        "name": "Date Time",
                        "output_column": "log_time",
                        "row_index": null,
                        "skip": 0,
                        "type": "header",
                        "unit": ""
                    },
                    {
                        "coef": 1.0,
                        "col_index": 20,
                        "data_type": "text",
                        "def_type": "null",
                        "def_val": "null",
                        "name": "Chuck",
                        "output_column": "chuck",
                        "row_index": null,
                        "skip": 0,
                        "type": "header",
                        "unit": ""
                    },
                    {
                        "coef": 1.0,
                        "col_index": 21,
                        "data_type": "text",
                        "def_type": "null",
                        "def_val": "null",
                        "name": "DummyLotID",
                        "output_column": "dummy_lot_id",
                        "row_index": null,
                        "skip": 0,
                        "type": "header",
                        "unit": ""
                    }
                ],
                "rule_name": "INFO_2_HEADER_21",
                "\"commit\"": true
            }
        ],
        "log_define_master": {
            "input_type": "csv",
            "log_name": "PLATEFOCUSINTERLOCKMONITOR",
            "table_name": "plate_focus_interlock_monitor",
            "tag": "platefocusinterlock"
        }
    },
    {
        "convert_rule": [
            {
                "convert_rule_item": [
                    {
                        "coef": null,
                        "col_index": 1,
                        "data_type": "text",
                        "def_type": "null",
                        "def_val": "null",
                        "name": "device",
                        "output_column": "device",
                        "row_index": 1.0,
                        "skip": 0,
                        "type": "info",
                        "unit": null
                    },
                    {
                        "coef": null,
                        "col_index": 2,
                        "data_type": "text",
                        "def_type": "null",
                        "def_val": "null",
                        "name": "process",
                        "output_column": "process",
                        "row_index": 1.0,
                        "skip": 0,
                        "type": "info",
                        "unit": null
                    },
                    {
                        "coef": 1.0,
                        "col_index": 1,
                        "data_type": "text",
                        "def_type": "null",
                        "def_val": "null",
                        "name": "24160",
                        "output_column": "plate_no",
                        "row_index": null,
                        "skip": 0,
                        "type": "header",
                        "unit": ""
                    },
                    {
                        "coef": 1.0,
                        "col_index": 2,
                        "data_type": "integer",
                        "def_type": "null",
                        "def_val": "null",
                        "name": "28000",
                        "output_column": "step_no",
                        "row_index": null,
                        "skip": 0,
                        "type": "header",
                        "unit": ""
                    },
                    {
                        "coef": 1000.0,
                        "col_index": 3,
                        "data_type": "float",
                        "def_type": "null",
                        "def_val": "null",
                        "name": "25C20",
                        "output_column": "afc_base_z",
                        "row_index": null,
                        "skip": 0,
                        "type": "header",
                        "unit": ""
                    },
                    {
                        "coef": 1000.0,
                        "col_index": 4,
                        "data_type": "float",
                        "def_type": "null",
                        "def_val": "null",
                        "name": "25C21",
                        "output_column": "afc_drive_z",
                        "row_index": null,
                        "skip": 0,
                        "type": "header",
                        "unit": ""
                    },
                    {
                        "coef": 1000.0,
                        "col_index": 5,
                        "data_type": "float",
                        "def_type": "null",
                        "def_val": "null",
                        "name": "25C22",
                        "output_column": "lips_z",
                        "row_index": null,
                        "skip": 0,
                        "type": "header",
                        "unit": ""
                    },
                    {
                        "coef": 1000.0,
                        "col_index": 6,
                        "data_type": "float",
                        "def_type": "null",
                        "def_val": "null",
                        "name": "25C23",
                        "output_column": "each_shot",
                        "row_index": null,
                        "skip": 0,
                        "type": "header",
                        "unit": ""
                    },
                    {
                        "coef": 1000.0,
                        "col_index": 7,
                        "data_type": "float",
                        "def_type": "null",
                        "def_val": "null",
                        "name": "25C24",
                        "output_column": "plate_thick_z",
                        "row_index": null,
                        "skip": 0,
                        "type": "header",
                        "unit": ""
                    },
                    {
                        "coef": 1000.0,
                        "col_index": 8,
                        "data_type": "float",
                        "def_type": "null",
                        "def_val": "null",
                        "name": "25C25",
                        "output_column": "pre_scanz",
                        "row_index": null,
                        "skip": 0,
                        "type": "header",
                        "unit": ""
                    },
                    {
                        "coef": 1000.0,
                        "col_index": 9,
                        "data_type": "float",
                        "def_type": "null",
                        "def_val": "null",
                        "name": "25C26",
                        "output_column": "pos_offset_z",
                        "row_index": null,
                        "skip": 0,
                        "type": "header",
                        "unit": ""
                    },
                    {
                        "coef": 1000.0,
                        "col_index": 10,
                        "data_type": "float",
                        "def_type": "null",
                        "def_val": "null",
                        "name": "25C27",
                        "output_column": "chuck_lock_z",
                        "row_index": null,
                        "skip": 0,
                        "type": "header",
                        "unit": ""
                    },
                    {
                        "coef": 1000.0,
                        "col_index": 11,
                        "data_type": "float",
                        "def_type": "null",
                        "def_val": "null",
                        "name": "25C28",
                        "output_column": "afc_drive_lips_other_z_base",
                        "row_index": null,
                        "skip": 0,
                        "type": "header",
                        "unit": ""
                    },
                    {
                        "coef": 1000.0,
                        "col_index": 12,
                        "data_type": "float",
                        "def_type": "null",
                        "def_val": "null",
                        "name": "25C29",
                        "output_column": "each_shot_p_r_other_z_pre",
                        "row_index": null,
                        "skip": 0,
                        "type": "header",
                        "unit": ""
                    },
                    {
                        "coef": 1000.0,
                        "col_index": 13,
                        "data_type": "float",
                        "def_type": "null",
                        "def_val": "null",
                        "name": "25C2A",
                        "output_column": "each_shot_p_r_other_z_fine",
                        "row_index": null,
                        "skip": 0,
                        "type": "header",
                        "unit": ""
                    },
                    {
                        "coef": 1000.0,
                        "col_index": 14,
                        "data_type": "float",
                        "def_type": "null",
                        "def_val": "null",
                        "name": "25C2B",
                        "output_column": "pre_scan_other_z",
                        "row_index": null,
                        "skip": 0,
                        "type": "header",
                        "unit": ""
                    },
                    {
                        "coef": 1000.0,
                        "col_index": 15,
                        "data_type": "float",
                        "def_type": "null",
                        "def_val": "null",
                        "name": "25C2C",
                        "output_column": "mag_otherz",
                        "row_index": null,
                        "skip": 0,
                        "type": "header",
                        "unit": ""
                    },
                    {
                        "coef": 1000.0,
                        "col_index": 16,
                        "data_type": "float",
                        "def_type": "null",
                        "def_val": "null",
                        "name": "25C2D",
                        "output_column": "afc_drive_other_z_Expo",
                        "row_index": null,
                        "skip": 0,
                        "type": "header",
                        "unit": ""
                    },
                    {
                        "coef": 1000.0,
                        "col_index": 17,
                        "data_type": "float",
                        "def_type": "null",
                        "def_val": "null",
                        "name": "25C2E",
                        "output_column": "expo_Ready_z",
                        "row_index": null,
                        "skip": 0,
                        "type": "header",
                        "unit": ""
                    },
                    {
                        "coef": 1000.0,
                        "col_index": 18,
                        "data_type": "float",
                        "def_type": "null",
                        "def_val": "null",
                        "name": "25C00",
                        "output_column": "afc_drive_pitch",
                        "row_index": null,
                        "skip": 0,
                        "type": "header",
                        "unit": ""
                    },
                    {
                        "coef": 1000.0,
                        "col_index": 19,
                        "data_type": "float",
                        "def_type": "null",
                        "def_val": "null",
                        "name": "25C01",
                        "output_column": "each_shot_pitch",
                        "row_index": null,
                        "skip": 0,
                        "type": "header",
                        "unit": ""
                    },
                    {
                        "coef": 1000.0,
                        "col_index": 20,
                        "data_type": "float",
                        "def_type": "null",
                        "def_val": "null",
                        "name": "25C02",
                        "output_column": "pre_scan_pitch",
                        "row_index": null,
                        "skip": 0,
                        "type": "header",
                        "unit": ""
                    },
                    {
                        "coef": 1000.0,
                        "col_index": 21,
                        "data_type": "float",
                        "def_type": "null",
                        "def_val": "null",
                        "name": "25C03",
                        "output_column": "expo_ready_pitch",
                        "row_index": null,
                        "skip": 0,
                        "type": "header",
                        "unit": ""
                    },
                    {
                        "coef": 1000.0,
                        "col_index": 22,
                        "data_type": "float",
                        "def_type": "null",
                        "def_val": "null",
                        "name": "25C10",
                        "output_column": "afc_drive_roll",
                        "row_index": null,
                        "skip": 0,
                        "type": "header",
                        "unit": ""
                    },
                    {
                        "coef": 1000.0,
                        "col_index": 23,
                        "data_type": "float",
                        "def_type": "null",
                        "def_val": "null",
                        "name": "25C11",
                        "output_column": "each_shot_roll",
                        "row_index": null,
                        "skip": 0,
                        "type": "header",
                        "unit": ""
                    },
                    {
                        "coef": 1000.0,
                        "col_index": 24,
                        "data_type": "float",
                        "def_type": "null",
                        "def_val": "null",
                        "name": "25C12",
                        "output_column": "pre_scan_roll",
                        "row_index": null,
                        "skip": 0,
                        "type": "header",
                        "unit": ""
                    },
                    {
                        "coef": 1000.0,
                        "col_index": 25,
                        "data_type": "float",
                        "def_type": "null",
                        "def_val": "null",
                        "name": "25C13",
                        "output_column": "expoready_roll",
                        "row_index": null,
                        "skip": 0,
                        "type": "header",
                        "unit": ""
                    },
                    {
                        "coef": 1.0,
                        "col_index": 26,
                        "data_type": "text",
                        "def_type": "null",
                        "def_val": "null",
                        "name": "GlassID",
                        "output_column": "glass_id",
                        "row_index": null,
                        "skip": 0,
                        "type": "header",
                        "unit": ""
                    },
                    {
                        "coef": 1.0,
                        "col_index": 27,
                        "data_type": "text",
                        "def_type": "null",
                        "def_val": "null",
                        "name": "LotID",
                        "output_column": "lot_id",
                        "row_index": null,
                        "skip": 0,
                        "type": "header",
                        "unit": ""
                    },
                    {
                        "coef": 1.0,
                        "col_index": 28,
                        "data_type": "timestamp",
                        "def_type": "null",
                        "def_val": "null",
                        "name": "Date Time",
                        "output_column": "log_time",
                        "row_index": null,
                        "skip": 0,
                        "type": "header",
                        "unit": ""
                    },
                    {
                        "coef": 1.0,
                        "col_index": 29,
                        "data_type": "text",
                        "def_type": "null",
                        "def_val": "null",
                        "name": "DummyLotID",
                        "output_column": "dummy_lot_id",
                        "row_index": null,
                        "skip": 0,
                        "type": "header",
                        "unit": ""
                    }
                ],
                "rule_name": "INFO_2_HEADER_29",
                "\"commit\"": true
            },
            {
                "convert_rule_item": [
                    {
                        "coef": null,
                        "col_index": 1,
                        "data_type": "text",
                        "def_type": "null",
                        "def_val": "null",
                        "name": "device",
                        "output_column": "device",
                        "row_index": 1.0,
                        "skip": 0,
                        "type": "info",
                        "unit": null
                    },
                    {
                        "coef": null,
                        "col_index": 2,
                        "data_type": "text",
                        "def_type": "null",
                        "def_val": "null",
                        "name": "process",
                        "output_column": "process",
                        "row_index": 1.0,
                        "skip": 0,
                        "type": "info",
                        "unit": null
                    },
                    {
                        "coef": 1.0,
                        "col_index": 1,
                        "data_type": "text",
                        "def_type": "null",
                        "def_val": "null",
                        "name": "24160",
                        "output_column": "plate_no",
                        "row_index": null,
                        "skip": 0,
                        "type": "header",
                        "unit": ""
                    },
                    {
                        "coef": 1.0,
                        "col_index": 2,
                        "data_type": "integer",
                        "def_type": "null",
                        "def_val": "null",
                        "name": "28000",
                        "output_column": "step_no",
                        "row_index": null,
                        "skip": 0,
                        "type": "header",
                        "unit": ""
                    },
                    {
                        "coef": 1000.0,
                        "col_index": 3,
                        "data_type": "float",
                        "def_type": "null",
                        "def_val": "null",
                        "name": "25C20",
                        "output_column": "afc_base_z",
                        "row_index": null,
                        "skip": 0,
                        "type": "header",
                        "unit": ""
                    },
                    {
                        "coef": 1000.0,
                        "col_index": 4,
                        "data_type": "float",
                        "def_type": "null",
                        "def_val": "null",
                        "name": "25C21",
                        "output_column": "afc_drive_z",
                        "row_index": null,
                        "skip": 0,
                        "type": "header",
                        "unit": ""
                    },
                    {
                        "coef": 1000.0,
                        "col_index": 5,
                        "data_type": "float",
                        "def_type": "null",
                        "def_val": "null",
                        "name": "25C22",
                        "output_column": "lips_z",
                        "row_index": null,
                        "skip": 0,
                        "type": "header",
                        "unit": ""
                    },
                    {
                        "coef": 1000.0,
                        "col_index": 6,
                        "data_type": "float",
                        "def_type": "null",
                        "def_val": "null",
                        "name": "25C23",
                        "output_column": "each_shot",
                        "row_index": null,
                        "skip": 0,
                        "type": "header",
                        "unit": ""
                    },
                    {
                        "coef": 1000.0,
                        "col_index": 7,
                        "data_type": "float",
                        "def_type": "null",
                        "def_val": "null",
                        "name": "25C24",
                        "output_column": "plate_thick_z",
                        "row_index": null,
                        "skip": 0,
                        "type": "header",
                        "unit": ""
                    },
                    {
                        "coef": 1000.0,
                        "col_index": 8,
                        "data_type": "float",
                        "def_type": "null",
                        "def_val": "null",
                        "name": "25C25",
                        "output_column": "pre_scanz",
                        "row_index": null,
                        "skip": 0,
                        "type": "header",
                        "unit": ""
                    },
                    {
                        "coef": 1000.0,
                        "col_index": 9,
                        "data_type": "float",
                        "def_type": "null",
                        "def_val": "null",
                        "name": "25C26",
                        "output_column": "pos_offset_z",
                        "row_index": null,
                        "skip": 0,
                        "type": "header",
                        "unit": ""
                    },
                    {
                        "coef": 1000.0,
                        "col_index": 10,
                        "data_type": "float",
                        "def_type": "null",
                        "def_val": "null",
                        "name": "25C27",
                        "output_column": "chuck_lock_z",
                        "row_index": null,
                        "skip": 0,
                        "type": "header",
                        "unit": ""
                    },
                    {
                        "coef": 1000.0,
                        "col_index": 11,
                        "data_type": "float",
                        "def_type": "null",
                        "def_val": "null",
                        "name": "25C28",
                        "output_column": "afc_drive_lips_other_z_base",
                        "row_index": null,
                        "skip": 0,
                        "type": "header",
                        "unit": ""
                    },
                    {
                        "coef": 1000.0,
                        "col_index": 12,
                        "data_type": "float",
                        "def_type": "null",
                        "def_val": "null",
                        "name": "25C29",
                        "output_column": "each_shot_p_r_other_z_pre",
                        "row_index": null,
                        "skip": 0,
                        "type": "header",
                        "unit": ""
                    },
                    {
                        "coef": 1000.0,
                        "col_index": 13,
                        "data_type": "float",
                        "def_type": "null",
                        "def_val": "null",
                        "name": "25C2A",
                        "output_column": "each_shot_p_r_other_z_fine",
                        "row_index": null,
                        "skip": 0,
                        "type": "header",
                        "unit": ""
                    },
                    {
                        "coef": 1000.0,
                        "col_index": 14,
                        "data_type": "float",
                        "def_type": "null",
                        "def_val": "null",
                        "name": "25C2B",
                        "output_column": "pre_scan_other_z",
                        "row_index": null,
                        "skip": 0,
                        "type": "header",
                        "unit": ""
                    },
                    {
                        "coef": 1000.0,
                        "col_index": 15,
                        "data_type": "float",
                        "def_type": "null",
                        "def_val": "null",
                        "name": "25C2C",
                        "output_column": "mag_otherz",
                        "row_index": null,
                        "skip": 0,
                        "type": "header",
                        "unit": ""
                    },
                    {
                        "coef": 1000.0,
                        "col_index": 16,
                        "data_type": "float",
                        "def_type": "null",
                        "def_val": "null",
                        "name": "25C2D",
                        "output_column": "afc_drive_other_z_Expo",
                        "row_index": null,
                        "skip": 0,
                        "type": "header",
                        "unit": ""
                    },
                    {
                        "coef": 1000.0,
                        "col_index": 17,
                        "data_type": "float",
                        "def_type": "null",
                        "def_val": "null",
                        "name": "25C2E",
                        "output_column": "expo_Ready_z",
                        "row_index": null,
                        "skip": 0,
                        "type": "header",
                        "unit": ""
                    },
                    {
                        "coef": 1000.0,
                        "col_index": 18,
                        "data_type": "float",
                        "def_type": "null",
                        "def_val": "null",
                        "name": "25C00",
                        "output_column": "afc_drive_pitch",
                        "row_index": null,
                        "skip": 0,
                        "type": "header",
                        "unit": ""
                    },
                    {
                        "coef": 1000.0,
                        "col_index": 19,
                        "data_type": "float",
                        "def_type": "null",
                        "def_val": "null",
                        "name": "25C01",
                        "output_column": "each_shot_pitch",
                        "row_index": null,
                        "skip": 0,
                        "type": "header",
                        "unit": ""
                    },
                    {
                        "coef": 1000.0,
                        "col_index": 20,
                        "data_type": "float",
                        "def_type": "null",
                        "def_val": "null",
                        "name": "25C02",
                        "output_column": "pre_scan_pitch",
                        "row_index": null,
                        "skip": 0,
                        "type": "header",
                        "unit": ""
                    },
                    {
                        "coef": 1000.0,
                        "col_index": 21,
                        "data_type": "float",
                        "def_type": "null",
                        "def_val": "null",
                        "name": "25C03",
                        "output_column": "expo_ready_pitch",
                        "row_index": null,
                        "skip": 0,
                        "type": "header",
                        "unit": ""
                    },
                    {
                        "coef": 1000.0,
                        "col_index": 22,
                        "data_type": "float",
                        "def_type": "null",
                        "def_val": "null",
                        "name": "25C10",
                        "output_column": "afc_drive_roll",
                        "row_index": null,
                        "skip": 0,
                        "type": "header",
                        "unit": ""
                    },
                    {
                        "coef": 1000.0,
                        "col_index": 23,
                        "data_type": "float",
                        "def_type": "null",
                        "def_val": "null",
                        "name": "25C11",
                        "output_column": "each_shot_roll",
                        "row_index": null,
                        "skip": 0,
                        "type": "header",
                        "unit": ""
                    },
                    {
                        "coef": 1000.0,
                        "col_index": 24,
                        "data_type": "float",
                        "def_type": "null",
                        "def_val": "null",
                        "name": "25C12",
                        "output_column": "pre_scan_roll",
                        "row_index": null,
                        "skip": 0,
                        "type": "header",
                        "unit": ""
                    },
                    {
                        "coef": 1000.0,
                        "col_index": 25,
                        "data_type": "float",
                        "def_type": "null",
                        "def_val": "null",
                        "name": "25C13",
                        "output_column": "expoready_roll",
                        "row_index": null,
                        "skip": 0,
                        "type": "header",
                        "unit": ""
                    },
                    {
                        "coef": 1000.0,
                        "col_index": 26,
                        "data_type": "float",
                        "def_type": "null",
                        "def_val": "null",
                        "name": "25C14",
                        "output_column": "afc_drive_diff_z",
                        "row_index": null,
                        "skip": 0,
                        "type": "header",
                        "unit": ""
                    },
                    {
                        "coef": 1000.0,
                        "col_index": 27,
                        "data_type": "float",
                        "def_type": "null",
                        "def_val": "null",
                        "name": "25C15",
                        "output_column": "afc_drive_diff_pitch",
                        "row_index": null,
                        "skip": 0,
                        "type": "header",
                        "unit": ""
                    },
                    {
                        "coef": 1000.0,
                        "col_index": 28,
                        "data_type": "float",
                        "def_type": "null",
                        "def_val": "null",
                        "name": "25C16",
                        "output_column": "afc_drive_diff_roll",
                        "row_index": null,
                        "skip": 0,
                        "type": "header",
                        "unit": ""
                    },
                    {
                        "coef": 1.0,
                        "col_index": 29,
                        "data_type": "text",
                        "def_type": "null",
                        "def_val": "null",
                        "name": "GlassID",
                        "output_column": "glass_id",
                        "row_index": null,
                        "skip": 0,
                        "type": "header",
                        "unit": ""
                    },
                    {
                        "coef": 1.0,
                        "col_index": 30,
                        "data_type": "text",
                        "def_type": "null",
                        "def_val": "null",
                        "name": "LotID",
                        "output_column": "lot_id",
                        "row_index": null,
                        "skip": 0,
                        "type": "header",
                        "unit": ""
                    },
                    {
                        "coef": 1.0,
                        "col_index": 31,
                        "data_type": "timestamp",
                        "def_type": "null",
                        "def_val": "null",
                        "name": "Date Time",
                        "output_column": "log_time",
                        "row_index": null,
                        "skip": 0,
                        "type": "header",
                        "unit": ""
                    },
                    {
                        "coef": 1.0,
                        "col_index": 32,
                        "data_type": "text",
                        "def_type": "null",
                        "def_val": "null",
                        "name": "DummyLotID",
                        "output_column": "dummy_lot_id",
                        "row_index": null,
                        "skip": 0,
                        "type": "header",
                        "unit": ""
                    }
                ],
                "rule_name": "INFO_2_HEADER_32",
                "\"commit\"": true
            }
        ],
        "log_define_master": {
            "input_type": "csv",
            "log_name": "FOCUSLOGDETAIL",
            "table_name": "focus_log_detail",
            "tag": "focuslogdetail"
        }
    },
    {
        "convert_rule": [
            {
                "convert_rule_item": [
                    {
                        "coef": null,
                        "col_index": 1,
                        "data_type": "text",
                        "def_type": "null",
                        "def_val": "null",
                        "name": "device",
                        "output_column": "device",
                        "row_index": 1.0,
                        "skip": 0,
                        "type": "info",
                        "unit": null
                    },
                    {
                        "coef": null,
                        "col_index": 2,
                        "data_type": "text",
                        "def_type": "null",
                        "def_val": "null",
                        "name": "process",
                        "output_column": "process",
                        "row_index": 1.0,
                        "skip": 0,
                        "type": "info",
                        "unit": null
                    },
                    {
                        "coef": 1.0,
                        "col_index": 1,
                        "data_type": "text",
                        "def_type": "null",
                        "def_val": "null",
                        "name": "24160",
                        "output_column": "plate_no",
                        "row_index": null,
                        "skip": 0,
                        "type": "header",
                        "unit": ""
                    },
                    {
                        "coef": 1.0,
                        "col_index": 2,
                        "data_type": "integer",
                        "def_type": "null",
                        "def_val": "null",
                        "name": "24A48",
                        "output_column": "step_no",
                        "row_index": null,
                        "skip": 0,
                        "type": "header",
                        "unit": ""
                    },
                    {
                        "coef": 1.0,
                        "col_index": 3,
                        "data_type": "text",
                        "def_type": "null",
                        "def_val": "null",
                        "name": "24AD7",
                        "output_column": "data_type",
                        "row_index": null,
                        "skip": 0,
                        "type": "header",
                        "unit": ""
                    },
                    {
                        "coef": 1000.0,
                        "col_index": 4,
                        "data_type": "integer",
                        "def_type": "null",
                        "def_val": "null",
                        "name": "24A50",
                        "output_column": "fl_as_x",
                        "row_index": null,
                        "skip": 0,
                        "type": "header",
                        "unit": "nm"
                    },
                    {
                        "coef": 1000.0,
                        "col_index": 5,
                        "data_type": "integer",
                        "def_type": "null",
                        "def_val": "null",
                        "name": "24A51",
                        "output_column": "fl_as_y",
                        "row_index": null,
                        "skip": 0,
                        "type": "header",
                        "unit": "nm"
                    },
                    {
                        "coef": 1000.0,
                        "col_index": 6,
                        "data_type": "integer",
                        "def_type": "null",
                        "def_val": "null",
                        "name": "24A52",
                        "output_column": "fl_oas_x",
                        "row_index": null,
                        "skip": 0,
                        "type": "header",
                        "unit": "nm"
                    },
                    {
                        "coef": 1000.0,
                        "col_index": 7,
                        "data_type": "integer",
                        "def_type": "null",
                        "def_val": "null",
                        "name": "24A53",
                        "output_column": "fl_oas_y",
                        "row_index": null,
                        "skip": 0,
                        "type": "header",
                        "unit": "nm"
                    },
                    {
                        "coef": 1000.0,
                        "col_index": 8,
                        "data_type": "integer",
                        "def_type": "null",
                        "def_val": "null",
                        "name": "24A54",
                        "output_column": "fl_baseline_x",
                        "row_index": null,
                        "skip": 0,
                        "type": "header",
                        "unit": "nm"
                    },
                    {
                        "coef": 1000.0,
                        "col_index": 9,
                        "data_type": "integer",
                        "def_type": "null",
                        "def_val": "null",
                        "name": "24A55",
                        "output_column": "fl_baseline_y",
                        "row_index": null,
                        "skip": 0,
                        "type": "header",
                        "unit": "nm"
                    },
                    {
                        "coef": 1000.0,
                        "col_index": 10,
                        "data_type": "integer",
                        "def_type": "null",
                        "def_val": "null",
                        "name": "24A56",
                        "output_column": "fr_as_x",
                        "row_index": null,
                        "skip": 0,
                        "type": "header",
                        "unit": "nm"
                    },
                    {
                        "coef": 1000.0,
                        "col_index": 11,
                        "data_type": "integer",
                        "def_type": "null",
                        "def_val": "null",
                        "name": "24A57",
                        "output_column": "fr_as_y",
                        "row_index": null,
                        "skip": 0,
                        "type": "header",
                        "unit": "nm"
                    },
                    {
                        "coef": 1000.0,
                        "col_index": 12,
                        "data_type": "integer",
                        "def_type": "null",
                        "def_val": "null",
                        "name": "24A58",
                        "output_column": "fr_oas_x",
                        "row_index": null,
                        "skip": 0,
                        "type": "header",
                        "unit": "nm"
                    },
                    {
                        "coef": 1000.0,
                        "col_index": 13,
                        "data_type": "integer",
                        "def_type": "null",
                        "def_val": "null",
                        "name": "24A59",
                        "output_column": "fr_oas_y",
                        "row_index": null,
                        "skip": 0,
                        "type": "header",
                        "unit": "nm"
                    },
                    {
                        "coef": 1000.0,
                        "col_index": 14,
                        "data_type": "integer",
                        "def_type": "null",
                        "def_val": "null",
                        "name": "24A5A",
                        "output_column": "fr_baseline_x",
                        "row_index": null,
                        "skip": 0,
                        "type": "header",
                        "unit": "nm"
                    },
                    {
                        "coef": 1000.0,
                        "col_index": 15,
                        "data_type": "integer",
                        "def_type": "null",
                        "def_val": "null",
                        "name": "24A5B",
                        "output_column": "fr_baseline_y",
                        "row_index": null,
                        "skip": 0,
                        "type": "header",
                        "unit": "nm"
                    },
                    {
                        "coef": 1000.0,
                        "col_index": 16,
                        "data_type": "integer",
                        "def_type": "null",
                        "def_val": "null",
                        "name": "24A5C",
                        "output_column": "bl_as_x",
                        "row_index": null,
                        "skip": 0,
                        "type": "header",
                        "unit": "nm"
                    },
                    {
                        "coef": 1000.0,
                        "col_index": 17,
                        "data_type": "integer",
                        "def_type": "null",
                        "def_val": "null",
                        "name": "24A5D",
                        "output_column": "bl_as_y",
                        "row_index": null,
                        "skip": 0,
                        "type": "header",
                        "unit": "nm"
                    },
                    {
                        "coef": 1000.0,
                        "col_index": 18,
                        "data_type": "integer",
                        "def_type": "null",
                        "def_val": "null",
                        "name": "24A5E",
                        "output_column": "bl_oas_x",
                        "row_index": null,
                        "skip": 0,
                        "type": "header",
                        "unit": "nm"
                    },
                    {
                        "coef": 1000.0,
                        "col_index": 19,
                        "data_type": "integer",
                        "def_type": "null",
                        "def_val": "null",
                        "name": "24A5F",
                        "output_column": "bl_oas_y",
                        "row_index": null,
                        "skip": 0,
                        "type": "header",
                        "unit": "nm"
                    },
                    {
                        "coef": 1000.0,
                        "col_index": 20,
                        "data_type": "integer",
                        "def_type": "null",
                        "def_val": "null",
                        "name": "24A60",
                        "output_column": "bl_baseline_x",
                        "row_index": null,
                        "skip": 0,
                        "type": "header",
                        "unit": "nm"
                    },
                    {
                        "coef": 1000.0,
                        "col_index": 21,
                        "data_type": "integer",
                        "def_type": "null",
                        "def_val": "null",
                        "name": "24A61",
                        "output_column": "bl_baseline_y",
                        "row_index": null,
                        "skip": 0,
                        "type": "header",
                        "unit": "nm"
                    },
                    {
                        "coef": 1000.0,
                        "col_index": 22,
                        "data_type": "integer",
                        "def_type": "null",
                        "def_val": "null",
                        "name": "24A62",
                        "output_column": "br_as_x",
                        "row_index": null,
                        "skip": 0,
                        "type": "header",
                        "unit": "nm"
                    },
                    {
                        "coef": 1000.0,
                        "col_index": 23,
                        "data_type": "integer",
                        "def_type": "null",
                        "def_val": "null",
                        "name": "24A63",
                        "output_column": "br_as_y",
                        "row_index": null,
                        "skip": 0,
                        "type": "header",
                        "unit": "nm"
                    },
                    {
                        "coef": 1000.0,
                        "col_index": 24,
                        "data_type": "integer",
                        "def_type": "null",
                        "def_val": "null",
                        "name": "24A64",
                        "output_column": "br_oas_x",
                        "row_index": null,
                        "skip": 0,
                        "type": "header",
                        "unit": "nm"
                    },
                    {
                        "coef": 1000.0,
                        "col_index": 25,
                        "data_type": "integer",
                        "def_type": "null",
                        "def_val": "null",
                        "name": "24A65",
                        "output_column": "br_oas_y",
                        "row_index": null,
                        "skip": 0,
                        "type": "header",
                        "unit": "nm"
                    },
                    {
                        "coef": 1000.0,
                        "col_index": 26,
                        "data_type": "integer",
                        "def_type": "null",
                        "def_val": "null",
                        "name": "24A66",
                        "output_column": "br_baseline_x",
                        "row_index": null,
                        "skip": 0,
                        "type": "header",
                        "unit": "nm"
                    },
                    {
                        "coef": 1000.0,
                        "col_index": 27,
                        "data_type": "integer",
                        "def_type": "null",
                        "def_val": "null",
                        "name": "24A67",
                        "output_column": "br_baseline_y",
                        "row_index": null,
                        "skip": 0,
                        "type": "header",
                        "unit": "nm"
                    },
                    {
                        "coef": 1.0,
                        "col_index": 28,
                        "data_type": "text",
                        "def_type": "null",
                        "def_val": "null",
                        "name": "GlassID",
                        "output_column": "glass_id",
                        "row_index": null,
                        "skip": 0,
                        "type": "header",
                        "unit": ""
                    },
                    {
                        "coef": 1.0,
                        "col_index": 29,
                        "data_type": "text",
                        "def_type": "null",
                        "def_val": "null",
                        "name": "LotID",
                        "output_column": "lot_id",
                        "row_index": null,
                        "skip": 0,
                        "type": "header",
                        "unit": ""
                    },
                    {
                        "coef": 1.0,
                        "col_index": 30,
                        "data_type": "timestamp",
                        "def_type": "null",
                        "def_val": "null",
                        "name": "Date Time",
                        "output_column": "log_time",
                        "row_index": null,
                        "skip": 0,
                        "type": "header",
                        "unit": ""
                    },
                    {
                        "coef": 1.0,
                        "col_index": 31,
                        "data_type": "text",
                        "def_type": "null",
                        "def_val": "null",
                        "name": "24AAF",
                        "output_column": "chuck",
                        "row_index": null,
                        "skip": 0,
                        "type": "header",
                        "unit": ""
                    },
                    {
                        "coef": 1.0,
                        "col_index": 32,
                        "data_type": "text",
                        "def_type": "null",
                        "def_val": "null",
                        "name": "204D8",
                        "output_column": "data_condition",
                        "row_index": null,
                        "skip": 0,
                        "type": "header",
                        "unit": ""
                    },
                    {
                        "coef": 1.0,
                        "col_index": 33,
                        "data_type": "text",
                        "def_type": "null",
                        "def_val": "null",
                        "name": "24AA8",
                        "output_column": "baseline_comp_tol",
                        "row_index": null,
                        "skip": 0,
                        "type": "header",
                        "unit": ""
                    },
                    {
                        "coef": 1.0,
                        "col_index": 34,
                        "data_type": "text",
                        "def_type": "null",
                        "def_val": "null",
                        "name": "24AAD",
                        "output_column": "edc_meas_pos",
                        "row_index": null,
                        "skip": 0,
                        "type": "header",
                        "unit": ""
                    },
                    {
                        "coef": 1.0,
                        "col_index": 35,
                        "data_type": "text",
                        "def_type": "null",
                        "def_val": "null",
                        "name": "DummyLotID",
                        "output_column": "dummy_lot_id",
                        "row_index": null,
                        "skip": 0,
                        "type": "header",
                        "unit": ""
                    }
                ],
                "rule_name": "INFO_2_HEADER_35",
                "\"commit\"": true
            }
        ],
        "log_define_master": {
            "input_type": "csv",
            "log_name": "OASBASELINEMEASUREMENTMONITOR",
            "table_name": "oasbaselinemeasurementmonitor",
            "tag": "oasbaselinemeasmon"
        }
    }
]