[
    {
        "convert_rule": [
            {
                "convert_rule_item": [
                    {
                        "coef": null,
                        "col_index": 1,
                        "data_type": "text",
                        "def_type": "null",
                        "def_val": "null",
                        "name": "device",
                        "output_column": "device",
                        "row_index": 1.0,
                        "skip": 0,
                        "type": "info",
                        "unit": null
                    },
                    {
                        "coef": null,
                        "col_index": 2,
                        "data_type": "text",
                        "def_type": "null",
                        "def_val": "null",
                        "name": "process",
                        "output_column": "process",
                        "row_index": 1.0,
                        "skip": 0,
                        "type": "info",
                        "unit": null
                    },
                    {
                        "coef": 1.0,
                        "col_index": 1,
                        "data_type": "text",
                        "def_type": "null",
                        "def_val": "null",
                        "name": "24160",
                        "output_column": "plate_no",
                        "row_index": null,
                        "skip": 0,
                        "type": "header",
                        "unit": ""
                    },
                    {
                        "coef": 1.0,
                        "col_index": 2,
                        "data_type": "integer",
                        "def_type": "null",
                        "def_val": "null",
                        "name": "24161",
                        "output_column": "step_no",
                        "row_index": null,
                        "skip": 0,
                        "type": "header",
                        "unit": ""
                    },
                    {
                        "coef": 1000.0,
                        "col_index": 3,
                        "data_type": "integer",
                        "def_type": "null",
                        "def_val": "null",
                        "name": "24049",
                        "output_column": "zsens_fl",
                        "row_index": null,
                        "skip": 0,
                        "type": "header",
                        "unit": "nm"
                    },
                    {
                        "coef": 1000.0,
                        "col_index": 4,
                        "data_type": "integer",
                        "def_type": "null",
                        "def_val": "null",
                        "name": "240F5",
                        "output_column": "zsens_fc",
                        "row_index": null,
                        "skip": 0,
                        "type": "header",
                        "unit": "nm"
                    },
                    {
                        "coef": 1000.0,
                        "col_index": 5,
                        "data_type": "integer",
                        "def_type": "null",
                        "def_val": "null",
                        "name": "2404A",
                        "output_column": "zsens_fr",
                        "row_index": null,
                        "skip": 0,
                        "type": "header",
                        "unit": "nm"
                    },
                    {
                        "coef": 1000.0,
                        "col_index": 6,
                        "data_type": "integer",
                        "def_type": "null",
                        "def_val": "null",
                        "name": "2404B",
                        "output_column": "zsens_bl",
                        "row_index": null,
                        "skip": 0,
                        "type": "header",
                        "unit": "nm"
                    },
                    {
                        "coef": 1000.0,
                        "col_index": 7,
                        "data_type": "integer",
                        "def_type": "null",
                        "def_val": "null",
                        "name": "240F6",
                        "output_column": "zsens_bc",
                        "row_index": null,
                        "skip": 0,
                        "type": "header",
                        "unit": "nm"
                    },
                    {
                        "coef": 1000.0,
                        "col_index": 8,
                        "data_type": "integer",
                        "def_type": "null",
                        "def_val": "null",
                        "name": "2404C",
                        "output_column": "zsens_br",
                        "row_index": null,
                        "skip": 0,
                        "type": "header",
                        "unit": "nm"
                    },
                    {
                        "coef": 1000.0,
                        "col_index": 9,
                        "data_type": "integer",
                        "def_type": "null",
                        "def_val": "null",
                        "name": "2404D",
                        "output_column": "drive_height",
                        "row_index": null,
                        "skip": 0,
                        "type": "header",
                        "unit": "nm"
                    },
                    {
                        "coef": 1000.0,
                        "col_index": 10,
                        "data_type": "integer",
                        "def_type": "null",
                        "def_val": "null",
                        "name": "2404E",
                        "output_column": "drive_pitch",
                        "row_index": null,
                        "skip": 0,
                        "type": "header",
                        "unit": "ms"
                    },
                    {
                        "coef": 1000.0,
                        "col_index": 11,
                        "data_type": "integer",
                        "def_type": "null",
                        "def_val": "null",
                        "name": "2404F",
                        "output_column": "drive_roll",
                        "row_index": null,
                        "skip": 0,
                        "type": "header",
                        "unit": "ms"
                    },
                    {
                        "coef": 1000.0,
                        "col_index": 12,
                        "data_type": "integer",
                        "def_type": "null",
                        "def_val": "null",
                        "name": "241C1",
                        "output_column": "lips_height",
                        "row_index": null,
                        "skip": 0,
                        "type": "header",
                        "unit": "nm"
                    },
                    {
                        "coef": 1000.0,
                        "col_index": 13,
                        "data_type": "integer",
                        "def_type": "null",
                        "def_val": "null",
                        "name": "241C2",
                        "output_column": "mask_bend_height",
                        "row_index": null,
                        "skip": 0,
                        "type": "header",
                        "unit": "nm"
                    },
                    {
                        "coef": 1000.0,
                        "col_index": 14,
                        "data_type": "integer",
                        "def_type": "null",
                        "def_val": "null",
                        "name": "241C3",
                        "output_column": "mask_bend_pitch",
                        "row_index": null,
                        "skip": 0,
                        "type": "header",
                        "unit": "ms"
                    },
                    {
                        "coef": 1000.0,
                        "col_index": 15,
                        "data_type": "integer",
                        "def_type": "null",
                        "def_val": "null",
                        "name": "241C4",
                        "output_column": "mask_bend_roll",
                        "row_index": null,
                        "skip": 0,
                        "type": "header",
                        "unit": "ms"
                    },
                    {
                        "coef": 1000.0,
                        "col_index": 16,
                        "data_type": "integer",
                        "def_type": "null",
                        "def_val": "null",
                        "name": "2408B",
                        "output_column": "chuck_pos_afc_meas_height",
                        "row_index": null,
                        "skip": 0,
                        "type": "header",
                        "unit": "nm"
                    },
                    {
                        "coef": 1000.0,
                        "col_index": 17,
                        "data_type": "integer",
                        "def_type": "null",
                        "def_val": "null",
                        "name": "2408C",
                        "output_column": "chuck_pos_afc_meas_pitch",
                        "row_index": null,
                        "skip": 0,
                        "type": "header",
                        "unit": "ms"
                    },
                    {
                        "coef": 1000.0,
                        "col_index": 18,
                        "data_type": "integer",
                        "def_type": "null",
                        "def_val": "null",
                        "name": "2408D",
                        "output_column": "chuck_pos_afc_meas_roll",
                        "row_index": null,
                        "skip": 0,
                        "type": "header",
                        "unit": "ms"
                    },
                    {
                        "coef": 1000.0,
                        "col_index": 19,
                        "data_type": "integer",
                        "def_type": "null",
                        "def_val": "null",
                        "name": "2408E",
                        "output_column": "stage_pos_afc_meas_height",
                        "row_index": null,
                        "skip": 0,
                        "type": "header",
                        "unit": "nm"
                    },
                    {
                        "coef": 1000.0,
                        "col_index": 20,
                        "data_type": "integer",
                        "def_type": "null",
                        "def_val": "null",
                        "name": "2408F",
                        "output_column": "stage_pos_afc_meas_pitch",
                        "row_index": null,
                        "skip": 0,
                        "type": "header",
                        "unit": "ms"
                    },
                    {
                        "coef": 1000.0,
                        "col_index": 21,
                        "data_type": "integer",
                        "def_type": "null",
                        "def_val": "null",
                        "name": "24090",
                        "output_column": "stage_pos_afc_meas_roll",
                        "row_index": null,
                        "skip": 0,
                        "type": "header",
                        "unit": "ms"
                    },
                    {
                        "coef": 1000.0,
                        "col_index": 22,
                        "data_type": "integer",
                        "def_type": "null",
                        "def_val": "null",
                        "name": "241C5",
                        "output_column": "stage_pos_afc_meas_z1",
                        "row_index": null,
                        "skip": 0,
                        "type": "header",
                        "unit": "nm"
                    },
                    {
                        "coef": 1000.0,
                        "col_index": 23,
                        "data_type": "integer",
                        "def_type": "null",
                        "def_val": "null",
                        "name": "241C6",
                        "output_column": "stage_pos_afc_meas_z2",
                        "row_index": null,
                        "skip": 0,
                        "type": "header",
                        "unit": "nm"
                    },
                    {
                        "coef": 1000.0,
                        "col_index": 24,
                        "data_type": "integer",
                        "def_type": "null",
                        "def_val": "null",
                        "name": "241C7",
                        "output_column": "stage_pos_afc_meas_z3",
                        "row_index": null,
                        "skip": 0,
                        "type": "header",
                        "unit": "nm"
                    },
                    {
                        "coef": 1000.0,
                        "col_index": 25,
                        "data_type": "integer",
                        "def_type": "null",
                        "def_val": "null",
                        "name": "241C8",
                        "output_column": "stage_pos_afc_meas_z4",
                        "row_index": null,
                        "skip": 0,
                        "type": "header",
                        "unit": "nm"
                    },
                    {
                        "coef": 1.0,
                        "col_index": 26,
                        "data_type": "text",
                        "def_type": "null",
                        "def_val": "null",
                        "name": "GlassID",
                        "output_column": "glass_id",
                        "row_index": null,
                        "skip": 0,
                        "type": "header",
                        "unit": ""
                    },
                    {
                        "coef": 1.0,
                        "col_index": 27,
                        "data_type": "text",
                        "def_type": "null",
                        "def_val": "null",
                        "name": "LotID",
                        "output_column": "lot_id",
                        "row_index": null,
                        "skip": 0,
                        "type": "header",
                        "unit": ""
                    },
                    {
                        "coef": 1.0,
                        "col_index": 28,
                        "data_type": "timestamp",
                        "def_type": "null",
                        "def_val": "null",
                        "name": "Date Time",
                        "output_column": "log_time",
                        "row_index": null,
                        "skip": 0,
                        "type": "header",
                        "unit": ""
                    },
                    {
                        "coef": 1.0,
                        "col_index": 29,
                        "data_type": "text",
                        "def_type": "null",
                        "def_val": "null",
                        "name": "Chuck",
                        "output_column": "chuck",
                        "row_index": null,
                        "skip": 0,
                        "type": "header",
                        "unit": ""
                    },
                    {
                        "coef": null,
                        "col_index": 30,
                        "data_type": "text",
                        "def_type": "null",
                        "def_val": "null",
                        "name": "24146",
                        "output_column": "_24146",
                        "row_index": null,
                        "skip": 0,
                        "type": "header",
                        "unit": ""
                    },
                    {
                        "coef": null,
                        "col_index": 31,
                        "data_type": "text",
                        "def_type": "null",
                        "def_val": "null",
                        "name": "24147",
                        "output_column": "_24147",
                        "row_index": null,
                        "skip": 0,
                        "type": "header",
                        "unit": ""
                    },
                    {
                        "coef": null,
                        "col_index": 32,
                        "data_type": "text",
                        "def_type": "null",
                        "def_val": "null",
                        "name": "24148",
                        "output_column": "_24148",
                        "row_index": null,
                        "skip": 0,
                        "type": "header",
                        "unit": ""
                    },
                    {
                        "coef": null,
                        "col_index": 33,
                        "data_type": "text",
                        "def_type": "null",
                        "def_val": "null",
                        "name": "24149",
                        "output_column": "_24149",
                        "row_index": null,
                        "skip": 0,
                        "type": "header",
                        "unit": ""
                    },
                    {
                        "coef": 1.0,
                        "col_index": 34,
                        "data_type": "text",
                        "def_type": "null",
                        "def_val": "null",
                        "name": "DummyLotID",
                        "output_column": "dummy_lot_id",
                        "row_index": null,
                        "skip": 0,
                        "type": "header",
                        "unit": ""
                    }
                ],
                "rule_name": "INFO_2_HEADER_34",
                "\"commit\"": true
            }
        ],
        "log_define_master": {
            "input_type": "csv",
            "log_name": "PLATEAUTOFOCUSCOMPENSATION",
            "table_name": "plate_auto_focus_compensation"
        }
    },
    {
        "convert_rule": [
            {
                "convert_rule_item": [
                    {
                        "coef": null,
                        "col_index": 1,
                        "data_type": "text",
                        "def_type": "null",
                        "def_val": "null",
                        "name": "device",
                        "output_column": "device",
                        "row_index": 1.0,
                        "skip": 0,
                        "type": "info",
                        "unit": null
                    },
                    {
                        "coef": null,
                        "col_index": 2,
                        "data_type": "text",
                        "def_type": "null",
                        "def_val": "null",
                        "name": "process",
                        "output_column": "process",
                        "row_index": 1.0,
                        "skip": 0,
                        "type": "info",
                        "unit": null
                    },
                    {
                        "coef": 1.0,
                        "col_index": 1,
                        "data_type": "text",
                        "def_type": "null",
                        "def_val": "null",
                        "name": "24160",
                        "output_column": "plate_no",
                        "row_index": null,
                        "skip": 0,
                        "type": "header",
                        "unit": ""
                    },
                    {
                        "coef": 1.0,
                        "col_index": 2,
                        "data_type": "integer",
                        "def_type": "null",
                        "def_val": "null",
                        "name": "28000",
                        "output_column": "step_no",
                        "row_index": null,
                        "skip": 0,
                        "type": "header",
                        "unit": ""
                    },
                    {
                        "coef": 1000000.0,
                        "col_index": 3,
                        "data_type": "float",
                        "def_type": "null",
                        "def_val": "null",
                        "name": "216A0",
                        "output_column": "expo_start_pos_psy",
                        "row_index": null,
                        "skip": 0,
                        "type": "header",
                        "unit": "nm"
                    },
                    {
                        "coef": 1000.0,
                        "col_index": 4,
                        "data_type": "float",
                        "def_type": "null",
                        "def_val": "null",
                        "name": "216A1",
                        "output_column": "expo_start_pos_psz",
                        "row_index": null,
                        "skip": 0,
                        "type": "header",
                        "unit": "nm"
                    },
                    {
                        "coef": 1000.0,
                        "col_index": 5,
                        "data_type": "float",
                        "def_type": "null",
                        "def_val": "null",
                        "name": "216A2",
                        "output_column": "expo_start_pos_psr",
                        "row_index": null,
                        "skip": 0,
                        "type": "header",
                        "unit": "ms"
                    },
                    {
                        "coef": 1000.0,
                        "col_index": 6,
                        "data_type": "float",
                        "def_type": "null",
                        "def_val": "null",
                        "name": "216A3",
                        "output_column": "expo_start_pos_psp",
                        "row_index": null,
                        "skip": 0,
                        "type": "header",
                        "unit": "ms"
                    },
                    {
                        "coef": 1000000.0,
                        "col_index": 7,
                        "data_type": "float",
                        "def_type": "null",
                        "def_val": "null",
                        "name": "216A4",
                        "output_column": "expo_end_pos_psy",
                        "row_index": null,
                        "skip": 0,
                        "type": "header",
                        "unit": "nm"
                    },
                    {
                        "coef": 1000.0,
                        "col_index": 8,
                        "data_type": "float",
                        "def_type": "null",
                        "def_val": "null",
                        "name": "216A5",
                        "output_column": "expo_end_pos_psz",
                        "row_index": null,
                        "skip": 0,
                        "type": "header",
                        "unit": "nm"
                    },
                    {
                        "coef": 1000.0,
                        "col_index": 9,
                        "data_type": "float",
                        "def_type": "null",
                        "def_val": "null",
                        "name": "216A6",
                        "output_column": "expo_end_pos_psr",
                        "row_index": null,
                        "skip": 0,
                        "type": "header",
                        "unit": "ms"
                    },
                    {
                        "coef": 1000.0,
                        "col_index": 10,
                        "data_type": "float",
                        "def_type": "null",
                        "def_val": "null",
                        "name": "216A7",
                        "output_column": "expo_end_pos_psp",
                        "row_index": null,
                        "skip": 0,
                        "type": "header",
                        "unit": "ms"
                    },
                    {
                        "coef": 1000000.0,
                        "col_index": 11,
                        "data_type": "float",
                        "def_type": "null",
                        "def_val": "null",
                        "name": "216A8",
                        "output_column": "psz_comp_start_pos1_psy",
                        "row_index": null,
                        "skip": 0,
                        "type": "header",
                        "unit": "nm"
                    },
                    {
                        "coef": 1000.0,
                        "col_index": 12,
                        "data_type": "float",
                        "def_type": "null",
                        "def_val": "null",
                        "name": "216A9",
                        "output_column": "psz_comp_start_pos1_psz",
                        "row_index": null,
                        "skip": 0,
                        "type": "header",
                        "unit": "nm"
                    },
                    {
                        "coef": 1000000.0,
                        "col_index": 13,
                        "data_type": "float",
                        "def_type": "null",
                        "def_val": "null",
                        "name": "216AA",
                        "output_column": "psz_comp_start_pos2_psy",
                        "row_index": null,
                        "skip": 0,
                        "type": "header",
                        "unit": "nm"
                    },
                    {
                        "coef": 1000.0,
                        "col_index": 14,
                        "data_type": "float",
                        "def_type": "null",
                        "def_val": "null",
                        "name": "216AB",
                        "output_column": "psz_comp_start_pos2_psz",
                        "row_index": null,
                        "skip": 0,
                        "type": "header",
                        "unit": "nm"
                    },
                    {
                        "coef": 1000000.0,
                        "col_index": 15,
                        "data_type": "float",
                        "def_type": "null",
                        "def_val": "null",
                        "name": "216AC",
                        "output_column": "psr_comp_start_pos1_psy",
                        "row_index": null,
                        "skip": 0,
                        "type": "header",
                        "unit": "nm"
                    },
                    {
                        "coef": 1000.0,
                        "col_index": 16,
                        "data_type": "float",
                        "def_type": "null",
                        "def_val": "null",
                        "name": "216AD",
                        "output_column": "psr_comp_start_pos1_psr",
                        "row_index": null,
                        "skip": 0,
                        "type": "header",
                        "unit": "ms"
                    },
                    {
                        "coef": 1000000.0,
                        "col_index": 17,
                        "data_type": "float",
                        "def_type": "null",
                        "def_val": "null",
                        "name": "216AE",
                        "output_column": "psr_comp_start_pos2_psy",
                        "row_index": null,
                        "skip": 0,
                        "type": "header",
                        "unit": "nm"
                    },
                    {
                        "coef": 1000.0,
                        "col_index": 18,
                        "data_type": "float",
                        "def_type": "null",
                        "def_val": "null",
                        "name": "216AF",
                        "output_column": "psr_comp_start_pos2_psr",
                        "row_index": null,
                        "skip": 0,
                        "type": "header",
                        "unit": "ms"
                    },
                    {
                        "coef": 1000000.0,
                        "col_index": 19,
                        "data_type": "float",
                        "def_type": "null",
                        "def_val": "null",
                        "name": "216B0",
                        "output_column": "psp_comp_start_pos1_psy",
                        "row_index": null,
                        "skip": 0,
                        "type": "header",
                        "unit": "nm"
                    },
                    {
                        "coef": 1000.0,
                        "col_index": 20,
                        "data_type": "float",
                        "def_type": "null",
                        "def_val": "null",
                        "name": "216B1",
                        "output_column": "psp_comp_start_pos1_psp",
                        "row_index": null,
                        "skip": 0,
                        "type": "header",
                        "unit": "ms"
                    },
                    {
                        "coef": 1000000.0,
                        "col_index": 21,
                        "data_type": "float",
                        "def_type": "null",
                        "def_val": "null",
                        "name": "216B2",
                        "output_column": "psp_comp_start_pos2_psy",
                        "row_index": null,
                        "skip": 0,
                        "type": "header",
                        "unit": "nm"
                    },
                    {
                        "coef": 1000.0,
                        "col_index": 22,
                        "data_type": "float",
                        "def_type": "null",
                        "def_val": "null",
                        "name": "216B3",
                        "output_column": "psp_comp_start_pos2_psp",
                        "row_index": null,
                        "skip": 0,
                        "type": "header",
                        "unit": "ms"
                    },
                    {
                        "coef": 1000000.0,
                        "col_index": 23,
                        "data_type": "float",
                        "def_type": "null",
                        "def_val": "null",
                        "name": "216B4",
                        "output_column": "psz_maxdiff_psy",
                        "row_index": null,
                        "skip": 0,
                        "type": "header",
                        "unit": "nm"
                    },
                    {
                        "coef": 1000.0,
                        "col_index": 24,
                        "data_type": "float",
                        "def_type": "null",
                        "def_val": "null",
                        "name": "216B5",
                        "output_column": "psz_maxdiff_psz",
                        "row_index": null,
                        "skip": 0,
                        "type": "header",
                        "unit": "nm"
                    },
                    {
                        "coef": 1000000.0,
                        "col_index": 25,
                        "data_type": "float",
                        "def_type": "null",
                        "def_val": "null",
                        "name": "216B6",
                        "output_column": "psr_maxdiff_psy",
                        "row_index": null,
                        "skip": 0,
                        "type": "header",
                        "unit": "nm"
                    },
                    {
                        "coef": 1000.0,
                        "col_index": 26,
                        "data_type": "float",
                        "def_type": "null",
                        "def_val": "null",
                        "name": "216B7",
                        "output_column": "psr_maxdiff_psr",
                        "row_index": null,
                        "skip": 0,
                        "type": "header",
                        "unit": "ms"
                    },
                    {
                        "coef": 1000000.0,
                        "col_index": 27,
                        "data_type": "float",
                        "def_type": "null",
                        "def_val": "null",
                        "name": "216B8",
                        "output_column": "psp_maxdiff_psy",
                        "row_index": null,
                        "skip": 0,
                        "type": "header",
                        "unit": "nm"
                    },
                    {
                        "coef": 1000.0,
                        "col_index": 28,
                        "data_type": "float",
                        "def_type": "null",
                        "def_val": "null",
                        "name": "216B9",
                        "output_column": "psp_maxdiff_psp",
                        "row_index": null,
                        "skip": 0,
                        "type": "header",
                        "unit": "ms"
                    },
                    {
                        "coef": 1.0,
                        "col_index": 29,
                        "data_type": "text",
                        "def_type": "null",
                        "def_val": "null",
                        "name": "216BA",
                        "output_column": "mp_offset",
                        "row_index": null,
                        "skip": 0,
                        "type": "header",
                        "unit": ""
                    },
                    {
                        "coef": 1.0,
                        "col_index": 30,
                        "data_type": "text",
                        "def_type": "null",
                        "def_val": "null",
                        "name": "GlassID",
                        "output_column": "glass_id",
                        "row_index": null,
                        "skip": 0,
                        "type": "header",
                        "unit": ""
                    },
                    {
                        "coef": 1.0,
                        "col_index": 31,
                        "data_type": "text",
                        "def_type": "null",
                        "def_val": "null",
                        "name": "LotID",
                        "output_column": "lot_id",
                        "row_index": null,
                        "skip": 0,
                        "type": "header",
                        "unit": ""
                    },
                    {
                        "coef": 1.0,
                        "col_index": 32,
                        "data_type": "timestamp",
                        "def_type": "null",
                        "def_val": "null",
                        "name": "Date Time",
                        "output_column": "log_time",
                        "row_index": null,
                        "skip": 0,
                        "type": "header",
                        "unit": ""
                    },
                    {
                        "coef": 1.0,
                        "col_index": 33,
                        "data_type": "text",
                        "def_type": "null",
                        "def_val": "null",
                        "name": "Chuck",
                        "output_column": "chuck",
                        "row_index": null,
                        "skip": 0,
                        "type": "header",
                        "unit": ""
                    },
                    {
                        "coef": 1.0,
                        "col_index": 34,
                        "data_type": "text",
                        "def_type": "null",
                        "def_val": "null",
                        "name": "DummyLotID",
                        "output_column": "dummy_lot_id",
                        "row_index": null,
                        "skip": 0,
                        "type": "header",
                        "unit": ""
                    }
                ],
                "rule_name": "INFO_2_HEADER_34",
                "\"commit\"": true
            }
        ],
        "log_define_master": {
            "input_type": "csv",
            "log_name": "PRESCANCOMPENSATIONMONITOR",
            "table_name": "pre_scan_compensation_monitor"
        }
    },
    {
        "convert_rule": [
            {
                "convert_rule_item": [
                    {
                        "coef": 1.0,
                        "col_index": 1,
                        "data_type": "text",
                        "def_type": "null",
                        "def_val": "null",
                        "name": "type",
                        "output_column": "type",
                        "row_index": null,
                        "skip": 0,
                        "type": "header",
                        "unit": ""
                    },
                    {
                        "coef": 1.0,
                        "col_index": 2,
                        "data_type": "timestamp",
                        "def_type": "null",
                        "def_val": "null",
                        "name": "Date Time",
                        "output_column": "log_time",
                        "row_index": null,
                        "skip": 0,
                        "type": "header",
                        "unit": ""
                    },
                    {
                        "coef": 1.0,
                        "col_index": 3,
                        "data_type": "text",
                        "def_type": "null",
                        "def_val": "null",
                        "name": "Event",
                        "output_column": "event",
                        "row_index": null,
                        "skip": 0,
                        "type": "header",
                        "unit": ""
                    },
                    {
                        "coef": 1.0,
                        "col_index": 4,
                        "data_type": "integer",
                        "def_type": "null",
                        "def_val": "null",
                        "name": "Plate",
                        "output_column": "plate",
                        "row_index": null,
                        "skip": 0,
                        "type": "header",
                        "unit": ""
                    },
                    {
                        "coef": 1.0,
                        "col_index": 5,
                        "data_type": "integer",
                        "def_type": "null",
                        "def_val": "null",
                        "name": "Recipe",
                        "output_column": "recipe",
                        "row_index": null,
                        "skip": 0,
                        "type": "header",
                        "unit": ""
                    },
                    {
                        "coef": 1.0,
                        "col_index": 6,
                        "data_type": "text",
                        "def_type": "null",
                        "def_val": "null",
                        "name": "Device",
                        "output_column": "device",
                        "row_index": null,
                        "skip": 0,
                        "type": "header",
                        "unit": ""
                    },
                    {
                        "coef": 1.0,
                        "col_index": 7,
                        "data_type": "text",
                        "def_type": "null",
                        "def_val": "null",
                        "name": "Process",
                        "output_column": "process",
                        "row_index": null,
                        "skip": 0,
                        "type": "header",
                        "unit": ""
                    },
                    {
                        "coef": 1.0,
                        "col_index": 8,
                        "data_type": "integer",
                        "def_type": "null",
                        "def_val": "null",
                        "name": "ADC/FDC",
                        "output_column": "adc_fdc",
                        "row_index": null,
                        "skip": 0,
                        "type": "header",
                        "unit": ""
                    },
                    {
                        "coef": 1.0,
                        "col_index": 9,
                        "data_type": "integer",
                        "def_type": "null",
                        "def_val": "null",
                        "name": "ADCMode",
                        "output_column": "adc_mode",
                        "row_index": null,
                        "skip": 0,
                        "type": "header",
                        "unit": ""
                    },
                    {
                        "coef": 1.0,
                        "col_index": 10,
                        "data_type": "text",
                        "def_type": "null",
                        "def_val": "null",
                        "name": "GlassID",
                        "output_column": "glass_id",
                        "row_index": null,
                        "skip": 0,
                        "type": "header",
                        "unit": ""
                    },
                    {
                        "coef": 1.0,
                        "col_index": 11,
                        "data_type": "text",
                        "def_type": "null",
                        "def_val": "null",
                        "name": "BendGlassSlot",
                        "output_column": "bend_glass_slot",
                        "row_index": null,
                        "skip": 0,
                        "type": "header",
                        "unit": ""
                    },
                    {
                        "coef": 1.0,
                        "col_index": 12,
                        "data_type": "text",
                        "def_type": "null",
                        "def_val": "null",
                        "name": "MaskSlot",
                        "output_column": "mask_slot",
                        "row_index": null,
                        "skip": 0,
                        "type": "header",
                        "unit": ""
                    },
                    {
                        "coef": 1.0,
                        "col_index": 13,
                        "data_type": "text",
                        "def_type": "null",
                        "def_val": "null",
                        "name": "BendGlassSlot(Mask)",
                        "output_column": "bend_glass_slot_mask",
                        "row_index": null,
                        "skip": 0,
                        "type": "header",
                        "unit": ""
                    },
                    {
                        "coef": 1.0,
                        "col_index": 14,
                        "data_type": "text",
                        "def_type": "null",
                        "def_val": "null",
                        "name": "KeepLotFDCStatus",
                        "output_column": "keep_lot_fdc_status",
                        "row_index": null,
                        "skip": 0,
                        "type": "header",
                        "unit": ""
                    },
                    {
                        "coef": 1.0,
                        "col_index": 15,
                        "data_type": "text",
                        "def_type": "null",
                        "def_val": "null",
                        "name": "APC",
                        "output_column": "apc",
                        "row_index": null,
                        "skip": 0,
                        "type": "header",
                        "unit": ""
                    },
                    {
                        "coef": 1.0,
                        "col_index": 16,
                        "data_type": "text",
                        "def_type": "null",
                        "def_val": "null",
                        "name": "Chuck",
                        "output_column": "chuck",
                        "row_index": null,
                        "skip": 0,
                        "type": "header",
                        "unit": ""
                    },
                    {
                        "coef": 1.0,
                        "col_index": 17,
                        "data_type": "integer",
                        "def_type": "null",
                        "def_val": "null",
                        "name": "WorkingTimeTol.ADC",
                        "output_column": "workingtimetol_adc",
                        "row_index": null,
                        "skip": 0,
                        "type": "header",
                        "unit": ""
                    },
                    {
                        "coef": 1.0,
                        "col_index": 18,
                        "data_type": "integer",
                        "def_type": "null",
                        "def_val": "null",
                        "name": "WorkingTimeTol.FDC",
                        "output_column": "workingtimetol_fdc",
                        "row_index": null,
                        "skip": 0,
                        "type": "header",
                        "unit": ""
                    },
                    {
                        "coef": 1.0,
                        "col_index": 19,
                        "data_type": "text",
                        "def_type": "null",
                        "def_val": "null",
                        "name": "LotID",
                        "output_column": "lot_id",
                        "row_index": null,
                        "skip": 0,
                        "type": "header",
                        "unit": ""
                    },
                    {
                        "coef": 1.0,
                        "col_index": 20,
                        "data_type": "text",
                        "def_type": "null",
                        "def_val": "null",
                        "name": "MaskID",
                        "output_column": "mask_id",
                        "row_index": null,
                        "skip": 0,
                        "type": "header",
                        "unit": ""
                    },
                    {
                        "coef": 1.0,
                        "col_index": 21,
                        "data_type": "text",
                        "def_type": "null",
                        "def_val": "null",
                        "name": "null",
                        "output_column": "end_null",
                        "row_index": null,
                        "skip": 0,
                        "type": "header",
                        "unit": ""
                    }
                ],
                "rule_name": "INFO_0_HEADER_21",
                "\"commit\"": true
            }
        ],
        "log_define_master": {
            "input_type": "csv",
            "log_name": "StatusMonitor",
            "table_name": "status_monitor"
        }
    }
]