[
    {
        "title": "1. Select Source File",
        "items": [
            {
                "target": "src_file",
                "title": "Log File",
                "type": "file",
                "enable": true
            }
        ]
    },
    {
        "title": "2. Selected Log Name",
        "items": [
            {
                "target": "log_name",
                "title": "Log Name",
                "type": "text",
                "content": ""
            }
        ]
    }
]