[
    {
        "title": "1. Select Source File",
        "items": [
            {
                "target": "src_file",
                "title": "Log File",
                "type": "file",
                "enable": true
            }
        ]
    },
    {
        "title": "2. Input Log Name",
        "items": [
            {
                "target": "log_name",
                "title": "Log Name",
                "type": "input",
                "content": ""
            }
        ]
    },
    {
        "title": "3. Pattern",
        "items": [
            {
                "target": "pattern",
                "title": "Pattern",
                "type": "tag",
                "content": []
            }
        ]
    },
    {
        "title": "4. Ignore Pattern",
        "items": [
            {
                "target": "ignore_pattern",
                "title": "Ignore Pattern",
                "type": "tag",
                "content": []
            }
        ]
    }
]