[
    {
        "title": "1. Function Name",
        "items": [
            {
                "target": "func_name",
                "title": "From",
                "type": "text",
                "content": ""
            }
        ]
    },
    {
        "title": "2. Source Type",
        "items": [
            {
                "target": "source_type",
                "title": "From",
                "type": "text",
                "content": "sql"
            }
        ]
    },
    {
        "title": "3. Select Data Source",
        "items": [
            {
                "target": "db_id",
                "title": "From",
                "type": "select",
                "mode": "singular",
                "options": [],
                "selected": null
            }
        ]
    },
    {
        "title": "4. Input SQL",
        "items": [
            {
                "target": "sql",
                "title": "",
                "type": "textarea",
                "content": "",
                "enable": false
            }
        ]
    }
]
