[
    {
        "title": "1. Select Source",
        "items": [
            {
                "target": "source",
                "title": "From",
                "type": "select",
                "mode": "singular",
                "options": []
            }
        ]
    },
    {
        "title": "2. Select Data Source",
        "items": [
            {
                "target": "db_id",
                "title": "From",
                "type": "text",
                "content": ""
            }
        ]
    },
    {
        "title": "3. Input SQL",
        "items": [
            {
                "target": "sql",
                "title": "",
                "type": "textarea",
                "content": "",
                "enable": false
            }
        ]
    },
    {
        "title": "4. Select Start/End Date",
        "items": [
            {
                "target": "period",
                "title": "Period",
                "type": "DatePicker",
                "period": null,
                "selected": null,
                "enable": false
            }
        ]
    }
]
