[
    {
        "title": "1. Select Source",
        "items": [
            {
                "target": "source",
                "title": "From",
                "type": "text",
                "content": "sql"
            }
        ]
    },
    {
        "title": "2. Select Data Source",
        "items": [
            {
                "target": "db_id",
                "title": "From",
                "type": "select",
                "mode": "singular",
                "options": [],
                "selected": null
            }
        ]
    },
    {
        "title": "3. Input SQL",
        "items": [
            {
                "target": "sql",
                "title": "",
                "type": "textarea",
                "content": ""
            }
        ]
    },
    {
        "title": "4. Select Preprocessing Script",
        "items": [
            {
                "target": "file_name",
                "title": "Script File",
                "type": "file",
                "file_name": null
            },
            {
                "target": "use_script",
                "title": "use script",
                "type": "switch",
                "value": false
            }
        ]
    }
]