[
    {
        "title": "1. Select Source",
        "items": [
            {
                "target": "source",
                "title": "From",
                "type": "select",
                "mode": "singular",
                "options": []
            }
        ]
    },
    {
        "title": "2. Select Source File",
        "items": [
            {
                "target": "src_file",
                "title": "Log File",
                "type": "file",
                "enable": true
            }
        ]
    },
    {
        "title": "3. Select Log Type",
        "items": [
            {
                "target": "log_name",
                "title": "Log Name",
                "type": "select",
                "mode": "singular",
                "options": []
            }
        ]
    },
    {
        "title": "4. Select Preprocessing Script",
        "items": [
            {
                "target": "file_name",
                "title": "Script File",
                "type": "file"
            },
            {
                "target": "use_script",
                "title": "use script",
                "type": "switch",
                "value": false
            }
        ]
    }
]