[
    {
        "title": "1. Select Source",
        "items": [
            {
                "target": "source",
                "title": "From",
                "type": "select",
                "mode": "singular",
                "options": []
            }
        ]
    },
    {
        "title": "2. Select Source Files",
        "items": [
            {
                "target": "src_file",
                "title": "Log Files",
                "type": "files",
                "enable": false
            }
        ]
    },
    {
        "title": "3. Select Log Type",
        "items": [
            {
                "target": "log_name",
                "title": "Log Name",
                "type": "input",
                "content": ""
            }
        ]
    },
    {
        "title": "4. Select Start/End Date",
        "items": [
            {
                "target": "period",
                "title": "Period",
                "type": "DatePicker",
                "period": null,
                "selected": null,
                "enable": false
            }
        ]
    }
]