Start time,log_date,\d{4}/\d{2}/\d{2},0,day
Running Rate,running_rate,\d+.\d*,0,float
Total DT,total_dt,\d{2}:\d{2}:\d{2},0,time
Unscheduled DT,unscheduled_dt,\d{2}:\d{2}:\d{2},0,time
Trouble,trouble_time,\d{2}:\d{2}:\d{2},0,time
Scheduled DT,scheduled_dt,\d{2}:\d{2}:\d{2},0,time
Person inside IN/OUT time,person_inside_inout_time,\d{2}:\d{2}:\d{2},0,time
Initialize time,initialize_time_count,"time,(\d+)\[time\]",1,integer
Initialize time,initialize_time_time,\d{2}:\d{2}:\d{2},0,time
Pause time,pause_time_count,"time,(\d+)\[time\]",1,integer
Pause time,pause_time_time,\d{2}:\d{2}:\d{2},0,time
JOB executions number,job_executions_number,"number,(\d+)\[time\]",1,integer
LOT number,lot_number,"number,(\d+)\[Lot\]",1,integer
Mask transfer number,mask_transfer_number,"number,(\d+)\[time\]",1,integer
Plate unload number,plate_unload_number,"number,(\d+)\[plate\]",1,integer
Plate transfer waiting time,plate_transfer_waiting_time,\d{2}:\d{2}:\d{2},0,time
JOB waiting time,job_waiting_time,\d{2}:\d{2}:\d{2},0,time
Tact time,tact_time,\d{2}:\d{2}:\d{2},0,time
FDC rate,fdc_rate,\d+.\d*,0,float
B/D rank,bd_rank_time,\d{2}:\d{2}:\d{2},0,time
B/D rank,bd_rank_count,"rank,(\d+)\[time\]",1,integer
PM,person_inside_pm_time,\d{2}:\d{2}:\d{2},0,time
PM,person_inside_pm_count,"PM,(\d+)\[time\]",1,integer
A rank Factor,person_inside_a_rank_factor_count,"\(A rank Factor\),(\d+)\[time\]",1,integer
A rank Factor,person_inside_a_rank_factor_time,\d{2}:\d{2}:\d{2},0,time
B/D rank Factor,person_inside_bd_rank_factor_count,"\(B/D rank Factor\),(\d+)\[time\]",1,integer
B/D rank Factor,person_inside_bd_rank_factor_time,\d{2}:\d{2}:\d{2},0,time
" Manual Assist Time,",manual_assist_time_count,"Time,(\d+)\[time\]",1,integer
" Manual Assist Time,",manual_assist_time_time,\d{2}:\d{2}:\d{2},0,time
 A rank,a_rank_count,"rank,(\d+)\[time\]",1,integer
 A rank,a_rank_time,\d{2}:\d{2}:\d{2},0,time
