1,1,PM
1,4,Meas. Sequence
1,5,Meas. Sequence
1,A,TV Meas.
1,B,MASK AGV
2,1,DSP
2,2,DSP
2,3,DSP
2,4,DSP
2,5,DSP
2,6,PL
2,7,IL
2,8,XMAG
2,9,DRV
2,A,DSP
2,B,IL
2,C,CAP
2,D,CAP
2,E,DSP
2,F,UM2
3,1,IL
3,2,AS
3,3,MASK
3,4,MX
3,5,PPC
3,7,ILIF
3,8,FEED
3,A,BPC
3,B,MASK AGV
A,D,AMF
B,7,LAM
B,E,XSSB
C,4,H1000 MXS
C,5,H1000 MPC
C,6,H1000 MPC
C,7,H1000 MPC
C,8,H1000 MPC
C,D,OSM
C,E,IL2
C,B,OAS
C,C,OAS
B,9,ARC
B,8,ARC
B,A,MAG
C,3,SIC
B,C,MAG
B,B,MAG
1,2,Sequence
C,2,SIC
C,1,SIC
3,0,PERL Sequence
2,0,SCAN Sequence
1,0,MAIN Sequence
