{
    "title": "Analysis Tool",
    "navibar": [
        {
            "title": "FOCUS",
            "subfunc": [
                {
                    "title": "Auto Focus Compensation(AFC)",
                    "url": "/afc"
                },
                {
                    "title": "Pre Scan Compensation",
                    "url": "/prescan"
                },
                {
                    "title": "LIPS Focus",
                    "url": "/lipsfocus"
                },
                {
                    "title": "Tilt Measurement",
                    "url": "/tiltmeasure"
                },
                {
                    "title": "Mount Press",
                    "url": "/mountpress"
                }
            ]
        }
    ],
    "body": [
        {
            "title": "FOCUS",
            "url": "/focus",
            "subfunc": [
                {
                    "title": "AFC",
                    "midTitle": "Plate Auto Focus Compensation Data",
                    "btnTitle": "Analysis Now",
                    "url": "/afc"
                },
    
                {
                    "title": "Pre Scan",
                    "midTitle": "Pre Scan Compensation Monitor Data",
                    "btnTitle": "Analysis Now",
                    "url": "/prescan"
                },
    
                {
                    "title": "LIPS Focus",
                    "midTitle": "LIPS Focus Data",
                    "btnTitle": "Analysis Now",
                    "url": "/lipsfocus"
                },
    
                {
                    "title": "Tilt Meas.",
                    "midTitle": "Tilt Measurement Log Data",
                    "btnTitle": "Analysis Now",
                    "url": "/tiltmeasure"
                },
    
                {
                    "title": "Mount Press",
                    "midTitle": "Mount Press Log Data",
                    "btnTitle": "Analysis Now",
                    "url": "/mountpress"
    
                }
            ]
        }
    ],
    "footer": {
        "copyright": "",
        "version": "",
        "about": "About MPA Analysis Tool"
    }
}