[
    {
        "title": "1. Select Source",
        "items": [
            {
                "target": "source",
                "title": "From",
                "type": "select",
                "mode": "singular",
                "options": null
            }
        ]
    },
    {
        "target": "select_equipment",
        "title": "2. Select Equipment",
        "items": [
            {
                "target": "user_fab",
                "title": "User/Fab",
                "type": "select",
                "mode": "subItem",
                "options": null,
                "subItem": {
                    "target": "equipment_name",
                    "title": "Equipment",
                    "type": "select",
                    "mode": "singular",
                    "options": null
                }
            }
        ]
    },
    {
        "title": "3. Select Start/End Date",
        "items": [
            {
                "target": "period",
                "title": "Period",
                "type": "datePicker",
                "options": null
            }
        ]
    }
]