[
    {
        "title": "1. Select Source",
        "items": [
            {
                "target": "source",
                "title": "From",
                "type": "select",
                "mode": "singular",
                "options": null
            }
        ]
    },
    {
        "title": "2. Select Source Directory",
        "items": [
            {
                "target": "target_path",
                "title": "Log Directory",
                "type": null
            }
        ]
    },
    {
        "title": "3. Select Target",
        "items": [
            {
                "target": "equipment_type",
                "title": "Model",
                "type": "select",
                "mode": "singular",
                "options": null
            }
        ]
    }
]