[
    {
        "analysis": {
            "script": {
                "db_id": null,
                "file_name": null,
                "script": null,
                "sql": "",
                "use_script": false
            },
            "setting": {
                "aggregation_default": {
                    "type": "column",
                    "val": null
                },
                "filter_default": [],
                "items": []
            },
            "type": "none"
        },
        "category": {
            "title": "Focus"
        },
        "convert": {
            "script": {
                "file_name": "convert_prescan.py",
                "script": "from resource.script.convert_base import ConvertBase\n\nimport pandas as pd\nimport copy\nimport re\n\nconvert_columns = {\n    \"event_id\": \"event_id\",\n    \"event_time\": \"event_time\",\n    \"header1\": \"log_time\",\n    \"header2\": \"type\",\n    \"header3\": \"job\",\n    \"header4\": \"lot_id\",\n    \"header5\": \"plate_no\",\n    \"header6\": \"shot_no\",\n    \"header7\": \"cp\",\n    \"header8\": \"glass_id\",\n    \"header9\": \"mask_stage_y\",\n    \"header10\": \"shot\",\n    \"header11\": \"plate_shape_l\",\n    \"header12\": \"plate_shape_c\",\n    \"header13\": \"plate_shape_r\",\n    \"header14\": \"focus_ofs_l\",\n    \"header15\": \"focus_ofs_c\",\n    \"header16\": \"focus_ofs_r\",\n    \"header17\": \"prescan_comp_l\",\n    \"header18\": \"prescan_comp_c\",\n    \"header19\": \"prescan_comp_r\"\n}\n\n# String型として扱いたいkey\nforced_string_list = ['header1', 'header2', 'header3', 'header4', 'header8']\n\n\nclass ConvertScript(ConvertBase):\n    \"\"\"\n    .. class:: ConvertScript\n\n        This class is for converting input file by user script.\n    \"\"\"\n    def __init__(self, **kwargs):\n        super().__init__(**kwargs)\n\n    def run(self) -> pd.DataFrame:\n        \"\"\"\n        This method will be called by sub process(convert process). Fix this method as you want.\n\n        :return: DataFrame\n        \"\"\"\n        logData = dict()\n        resultDate = list()\n        time_cnt = 0\n        functionName = 'PreScan'\n\n        # Read Log File\n        lines = self.readlines()\n\n        for line in lines:\n\n            # 改行コード等を除外した上で分割\n            linelog = line.strip().split(',')\n            i = 1\n            if not re.search('\\s*PRSCAN\\s*', linelog[1]):\n                continue\n\n            logData[\"event_id\"] = functionName + \"Event\"\n            for etc in linelog:\n                if i == 1:\n                    # 2020/03/04 09:03:14　の形式を\n                    # 2020-03-04T09:03:14.000000+0900　の形式に変える\n                    # 日付と時間にわける\n                    date, time = etc.split(\" \")\n                    # 日付の年月日をわける\n                    year, month, day = date.split(\"/\")\n                    month = month.rjust(2, \"0\")\n                    day = day.rjust(2, \"0\")\n                    # time = time + \":00\"\n                    tmp = year + \"-\" + month + \"-\" + day + \"T\" + time\n                    # 同じ時間の場合、ずらす（ずらさないとElasticSearchにデータが入らなくなるため）\n                    # if time_before == etc:\n                    #     time_cnt += 1000\n                    # else:\n                    #     time_before = etc\n                    #     time_cnt = 0\n                    time_cnt += 1\n                    data_cnt = str(time_cnt).rjust(6, \"0\")\n                    tmp = tmp + \".\" + data_cnt\n                    tmp = tmp + \"+0900\"\n                    logData[\"event_time\"] = tmp\n\n                if '=' in etc:\n                    etc = etc[etc.find('=') + 1:]\n\n                if '\\\"' in etc:\n                    etc = etc.replace('\\\"', '')\n\n                if '\\t' in etc:\n                    etc = etc.replace('\\t', '')\n\n                # 対応するキーが存在しないため、header + 連番をキーにする\n                key = \"header\" + str(i)\n                # int型に変換できればintに。intでなければfloat（マイナスもfloatになる）に変換する。\n                # その他はstr型\n                if is_int(etc) and key not in forced_string_list:\n                    logData[key] = int(etc)\n                elif is_float(etc) and key not in forced_string_list:\n                    logData[key] = float(etc)\n                else:\n                    logData[key] = etc\n\n                i = i + 1\n\n            resultDate.append(copy.deepcopy(logData))\n\n        df = pd.DataFrame(resultDate)\n        df.rename(columns=convert_columns, inplace=True)\n        df['log_time'] = pd.to_datetime(df['log_time'])\n\n        return df\n\n\n###############################################################################\n# str文字列がfloat()変換できるかどうかを判定する\n###############################################################################\ndef is_float(s):\n    try:\n        float(s)\n    except Exception:\n        return False\n    return True\n\n\n###############################################################################\n# str文字列がint()変換できるかどうかを判定する\n###############################################################################\ndef is_int(s):\n    try:\n        int(s)\n    except Exception:\n        return False\n    return True",
                "use_script": true
            }
        },
        "func": {
            "info": {
                "log_name": "prescan"
            },
            "script": {
                "file_name": "preprocess_prescan.py",
                "script": "from resource.script.preprocess_base import PreprocessBase\n\n\nclass PreprocessScript(PreprocessBase):\n    \"\"\"\n    .. class:: PreprocessScript\n\n        This class is for preprocessing input file by user script.\n    \"\"\"\n    def __init__(self, **kwargs):\n        super().__init__(**kwargs)\n\n    def run(self) -> list:\n        \"\"\"\n        This method will be called by sub process(convert process). Fix this method as you want.\n\n        :return: List of String\n        \"\"\"\n        lines = self.readlines()\n\n        ret_lines = list()\n\n        for line in lines:\n            if '\\\"' in line:\n                line = line.replace('\\\"', '')\n            ret_lines.append(line)\n\n        return ret_lines\n",
                "use_script": true
            },
            "source_type": "local",
            "system_func": true,
            "title": "PreScan"
        },
        "visualization": {
            "function_graph_type": [
                {
                    "id": null,
                    "name": "default",
                    "script": "function renderGraph(Plotly, element, params) {\n    let tmpGraphProp = {};\n\n    const createPropData = (obj, type, params) => {\n        let tmpRange = {},\n            tmpDensityRange = {},\n            tmpData = [];\n\n        if (params.range.x.length > 0) {\n            tmpRange['xaxis'] = {\n                range: params.range.x,\n            };\n        }\n\n        if (params.range.y.length > 0) {\n            tmpRange['yaxis'] = {\n                range: params.range.y,\n            };\n        }\n\n        switch (type.toLowerCase()) {\n            case 'bar':\n            default:\n                tmpData = Object.keys(params.y).reduce((acc, v) => {\n                    acc.push({\n                        x: params.x[v],\n                        y: params.y[v],\n                        type: 'bar',\n                        name: v,\n                    });\n\t\t                return acc;\n                }, []);\n                if (Object.keys(obj).length === 0) {\n                    obj = {\n                        data: tmpData,\n                        layout: {\n                            title: params.title,\n                            font: {\n                                family: \"Saira, 'Nunito Sans'\",\n                            },\n                            ...tmpRange,\n                        },\n                    };\n                } else {\n                    obj = {\n                        ...obj,\n                        data: obj.data.concat(tmpData),\n                    };\n                }\n                break;\n\n            case 'line':\n                tmpData = Object.keys(params.y).reduce((acc, v) => {\n                    acc.push({\n                        x: params.x[v],\n                        y: params.y[v],\n                        type: 'scatter',\n                        name: v,\n                    });\n                    return acc;\n                }, []);\n                if (Object.keys(obj).length === 0) {\n                    obj = {\n                        data: tmpData,\n                        layout: {\n                            title: params.title,\n                            font: {\n                                family: \"Saira, 'Nunito Sans'\",\n                            },\n                            ...tmpRange,\n                        },\n                    };\n                } else {\n                    obj = {\n                        ...obj,\n                        data: obj.data.concat(tmpData),\n                    };\n                }\n                break;\n\n            case 'box plot':\n                tmpData = Object.keys(params.y).reduce((acc, v) => {\n                    acc.push({\n                        y: params.y[v],\n                        type: 'box',\n                        name: v,\n                    });\n\t\t                return acc;\n                }, []);\n                if (Object.keys(obj).length === 0) {\n                    obj = {\n                        data: tmpData,\n                        layout: {\n                            title: params.title,\n                            font: {\n                                family: \"Saira, 'Nunito Sans'\",\n                            },\n                            ...tmpRange,\n                        },\n                    };\n                } else {\n                    obj = {\n                        ...obj,\n                        data: obj.data.concat(tmpData),\n                    };\n                }\n                break;\n\n            case 'density plot':\n                tmpData = Object.keys(params.y).reduce((acc, v) => {\n                    acc.push(\n                        {\n                            x: params.x[v],\n                            y: params.y[v],\n                            mode: 'markers',\n                            name: v,\n                            marker: {\n                                color: 'rgb(245,245,245)',\n                                size: 1.5,\n                                opacity: 0.7,\n                            },\n                            type: 'scatter',\n                        },\n                        {\n                            x: params.x[v],\n                            y: params.y[v],\n                            name: v,\n                            ncontours: 20,\n                            colorscale: 'Blues',\n                            reversescale: true,\n                            showscale: false,\n                            type: 'histogram2dcontour',\n                        },\n                    );\n\t\t                return acc;\n                }, []);\n\n                if (params.range.x.length > 0) {\n                    tmpDensityRange['xaxis'] = {\n                        showgrid: false,\n                        zeroline: false,\n                        range: params.range.x,\n                    };\n                }\n\n                if (params.range.y.length > 0) {\n                    tmpDensityRange['yaxis'] = {\n                        showgrid: false,\n                        zeroline: false,\n                        range: params.range.y,\n                    };\n                }\n\n                if (Object.keys(obj).length === 0) {\n                    obj = {\n                        data: tmpData,\n                        layout: {\n                            title: params.title,\n                            font: {\n                                family: \"Saira, 'Nunito Sans'\",\n                            },\n                            showlegend: false,\n                            hovermode: 'closest',\n                            bargap: 0,\n                            ...tmpDensityRange,\n                        },\n                    };\n                } else {\n                    obj = {\n                        ...obj,\n                        data: obj.data.concat(tmpData),\n                    };\n                }\n                break;\n\n            case 'bubble chart':\n                tmpData = Object.keys(params.y).reduce((acc, v) => {\n                    acc.push({\n                        x: params.x[v],\n                        y: params.y[v],\n                        mode: 'markers',\n                        name: v,\n                        marker: {\n                            color: 'rgb(93, 164, 214)',\n                            size: params.z,\n                        },\n                    });\n\t\t                return acc;\n                }, []);\n                if (Object.keys(obj).length === 0) {\n                    obj = {\n                        data: tmpData,\n                        layout: {\n                            title: params.title,\n                            font: {\n                                family: \"Saira, 'Nunito Sans'\",\n                            },\n                            ...tmpRange,\n                        },\n                    };\n                } else {\n                    obj = {\n                        ...obj,\n                        data: obj.data.concat(tmpData),\n                    };\n                }\n                break;\n        }\n        return obj;\n    };\n\n    params.type.forEach((v) => {\n        tmpGraphProp = createPropData(tmpGraphProp, v, params);\n    });\n\n    Plotly.newPlot(element, tmpGraphProp.data, tmpGraphProp.layout);\n\n    if (params.func) {\n        element.on('plotly_relayout', params.func);\n    }\n}\n",
                    "type": "system"
                }
            ],
            "items": []
        }
    },
    {
        "analysis": {
            "script": {
                "db_id": null,
                "file_name": null,
                "script": null,
                "sql": "",
                "use_script": false
            },
            "setting": {
                "aggregation_default": {
                    "type": "column",
                    "val": null
                },
                "filter_default": [],
                "items": []
            },
            "type": "none"
        },
        "category": {
            "title": "Focus"
        },
        "convert": {
            "script": {
                "file_name": "convert_rtaf.py",
                "script": "from resource.script.convert_base import ConvertBase\n\nimport pandas as pd\nimport copy\nimport re\n\nconvert_columns = {\n    \"event_id\": \"event_id\",\n    \"event_time\": \"event_time\",\n    \"header1\": \"log_time\",\n    \"header2\": \"type\",\n    \"header3\": \"job\",\n    \"header4\": \"lot_id\",\n    \"header5\": \"plate_no\",\n    \"header6\": \"shot_no\",\n    \"header7\": \"cp\",\n    \"header8\": \"glass_id\",\n    \"header9\": \"meas_pos_psy\",\n    \"header10\": \"meas_pos_chuck_y\",\n    \"header11\": \"zsensor_meas_l\",\n    \"header12\": \"zsensor_meas_c\",\n    \"header13\": \"zsensor_meas_r\",\n    \"header14\": \"wave_peak_zsens_l\",\n    \"header15\": \"wave_peak_zsens_c\",\n    \"header16\": \"wave_peak_zsens_r\",\n    \"header17\": \"psy_prof\",\n    \"header18\": \"drive_status_z\",\n    \"header19\": \"drive_status_pitch\",\n    \"header20\": \"drive_status_roll\",\n    \"header21\": \"plate_shape_z\",\n    \"header22\": \"plate_shape_pitch\",\n    \"header23\": \"plate_shape_roll\",\n    \"header24\": \"zsensor_plate_shape_l\",\n    \"header25\": \"zsensor_plate_shape_c\",\n    \"header26\": \"zsensor_plate_shape_r\",\n    \"header27\": \"pos_moment_zsensor_meas_x\",\n    \"header28\": \"pos_moment_zsensor_meas_z\",\n    \"header29\": \"pos_moment_zsensor_meas_pitch\",\n    \"header30\": \"pos_moment_zsensor_meas_roll\",\n    \"header31\": \"compensation_pos_y\",\n    \"header32\": \"compensation_pos_chuck_y\",\n    \"header33\": \"reference_pos_z\",\n    \"header34\": \"reference_pos_pitch\",\n    \"header35\": \"reference_pos_roll\",\n    \"header36\": \"reference_pos_slit_z\",\n    \"header37\": \"plate_shape_mul_ratio_z\",\n    \"header38\": \"plate_shape_mul_ratio_pitch\",\n    \"header39\": \"plate_shape_mul_ratio_roll\",\n    \"header40\": \"avg_plate_shape_mul_ratio_z\",\n    \"header41\": \"avg_plate_shape_mul_ratio_pitch\",\n    \"header42\": \"avg_plate_shape_mul_ratio_roll\",\n    \"header43\": \"casp_z\",\n    \"header44\": \"casp_pitch\",\n    \"header45\": \"casp_roll\",\n}\n\n# String型として扱いたいkey\nforced_string_list = ['header1', 'header2', 'header3', 'header4', 'header8']\n\n\nclass ConvertScript(ConvertBase):\n    \"\"\"\n    .. class:: ConvertScript\n\n        This class is for converting input file by user script.\n    \"\"\"\n\n    def __init__(self, **kwargs):\n        super().__init__(**kwargs)\n\n    def run(self) -> pd.DataFrame:\n        \"\"\"\n        This method will be called by sub process(convert process). Fix this method as you want.\n\n        :return: DataFrame\n        \"\"\"\n        logData = dict()\n        resultDate = list()\n        time_cnt = 0\n        functionName = 'RTAF'\n\n        # Read Log File\n        lines = self.readlines()\n\n        for line in lines:\n\n            # 改行コード等を除外した上で分割\n            linelog = line.strip().split(',')\n            i = 1\n            if not re.search('\\s*RTDATA\\s*', linelog[1]):\n                continue\n\n            logData[\"event_id\"] = functionName + \"Event\"\n            for etc in linelog:\n                if i == 1:\n                    # 2020/03/04 09:03:14　の形式を\n                    # 2020-03-04T09:03:14.000000+0900　の形式に変える\n                    # 日付と時間にわける\n                    date, time = etc.split(\" \")\n                    # 日付の年月日をわける\n                    year, month, day = date.split(\"/\")\n                    month = month.rjust(2, \"0\")\n                    day = day.rjust(2, \"0\")\n                    # time = time + \":00\"\n                    tmp = year + \"-\" + month + \"-\" + day + \"T\" + time\n                    # 同じ時間の場合、ずらす（ずらさないとElasticSearchにデータが入らなくなるため）\n                    # if time_before == etc:\n                    #     time_cnt += 1000\n                    # else:\n                    #     time_before = etc\n                    #     time_cnt = 0\n                    time_cnt += 1\n                    data_cnt = str(time_cnt).rjust(6, \"0\")\n                    tmp = tmp + \".\" + data_cnt\n                    tmp = tmp + \"+0900\"\n                    logData[\"event_time\"] = tmp\n\n                if '=' in etc:\n                    etc = etc[etc.find('=') + 1:]\n\n                if '\\\"' in etc:\n                    etc = etc.replace('\\\"', '')\n\n                if '\\t' in etc:\n                    etc = etc.replace('\\t', '')\n\n                # 対応するキーが存在しないため、header + 連番をキーにする\n                key = \"header\" + str(i)\n                # int型に変換できればintに。intでなければfloat（マイナスもfloatになる）に変換する。\n                # その他はstr型\n                if is_int(etc) and key not in forced_string_list:\n                    logData[key] = int(etc)\n                elif is_float(etc) and key not in forced_string_list:\n                    logData[key] = float(etc)\n                else:\n                    logData[key] = etc\n\n                i = i + 1\n\n            resultDate.append(copy.deepcopy(logData))\n\n        df = pd.DataFrame(resultDate)\n        df.rename(columns=convert_columns, inplace=True)\n        df['log_time'] = pd.to_datetime(df['log_time'])\n\n        return df\n\n\n###############################################################################\n# str文字列がfloat()変換できるかどうかを判定する\n###############################################################################\ndef is_float(s):\n    try:\n        float(s)\n    except Exception:\n        return False\n    return True\n\n\n###############################################################################\n# str文字列がint()変換できるかどうかを判定する\n###############################################################################\ndef is_int(s):\n    try:\n        int(s)\n    except Exception:\n        return False\n    return True",
                "use_script": true
            }
        },
        "func": {
            "info": {
                "log_name": "rtaf"
            },
            "script": {
                "file_name": "preprocess_rtaf.py",
                "script": "from resource.script.preprocess_base import PreprocessBase\n\n\nclass PreprocessScript(PreprocessBase):\n    \"\"\"\n    .. class:: PreprocessScript\n\n        This class is for preprocessing input file by user script.\n    \"\"\"\n    def __init__(self, **kwargs):\n        super().__init__(**kwargs)\n\n    def run(self) -> list:\n        \"\"\"\n        This method will be called by sub process(convert process). Fix this method as you want.\n\n        :return: List of String\n        \"\"\"\n        lines = self.readlines()\n\n        ret_lines = list()\n\n        for line in lines:\n            if '\\\"' in line:\n                line = line.replace('\\\"', '')\n            ret_lines.append(line)\n\n        return ret_lines\n",
                "use_script": true
            },
            "source_type": "local",
            "system_func": true,
            "title": "RTAF"
        },
        "visualization": {
            "function_graph_type": [
                {
                    "id": null,
                    "name": "default",
                    "script": "function renderGraph(Plotly, element, params) {\n    let tmpGraphProp = {};\n\n    const createPropData = (obj, type, params) => {\n        let tmpRange = {},\n            tmpDensityRange = {},\n            tmpData = [];\n\n        if (params.range.x.length > 0) {\n            tmpRange['xaxis'] = {\n                range: params.range.x,\n            };\n        }\n\n        if (params.range.y.length > 0) {\n            tmpRange['yaxis'] = {\n                range: params.range.y,\n            };\n        }\n\n        switch (type.toLowerCase()) {\n            case 'bar':\n            default:\n                tmpData = Object.keys(params.y).reduce((acc, v) => {\n                    acc.push({\n                        x: params.x[v],\n                        y: params.y[v],\n                        type: 'bar',\n                        name: v,\n                    });\n\t\t                return acc;\n                }, []);\n                if (Object.keys(obj).length === 0) {\n                    obj = {\n                        data: tmpData,\n                        layout: {\n                            title: params.title,\n                            font: {\n                                family: \"Saira, 'Nunito Sans'\",\n                            },\n                            ...tmpRange,\n                        },\n                    };\n                } else {\n                    obj = {\n                        ...obj,\n                        data: obj.data.concat(tmpData),\n                    };\n                }\n                break;\n\n            case 'line':\n                tmpData = Object.keys(params.y).reduce((acc, v) => {\n                    acc.push({\n                        x: params.x[v],\n                        y: params.y[v],\n                        type: 'scatter',\n                        name: v,\n                    });\n                    return acc;\n                }, []);\n                if (Object.keys(obj).length === 0) {\n                    obj = {\n                        data: tmpData,\n                        layout: {\n                            title: params.title,\n                            font: {\n                                family: \"Saira, 'Nunito Sans'\",\n                            },\n                            ...tmpRange,\n                        },\n                    };\n                } else {\n                    obj = {\n                        ...obj,\n                        data: obj.data.concat(tmpData),\n                    };\n                }\n                break;\n\n            case 'box plot':\n                tmpData = Object.keys(params.y).reduce((acc, v) => {\n                    acc.push({\n                        y: params.y[v],\n                        type: 'box',\n                        name: v,\n                    });\n\t\t                return acc;\n                }, []);\n                if (Object.keys(obj).length === 0) {\n                    obj = {\n                        data: tmpData,\n                        layout: {\n                            title: params.title,\n                            font: {\n                                family: \"Saira, 'Nunito Sans'\",\n                            },\n                            ...tmpRange,\n                        },\n                    };\n                } else {\n                    obj = {\n                        ...obj,\n                        data: obj.data.concat(tmpData),\n                    };\n                }\n                break;\n\n            case 'density plot':\n                tmpData = Object.keys(params.y).reduce((acc, v) => {\n                    acc.push(\n                        {\n                            x: params.x[v],\n                            y: params.y[v],\n                            mode: 'markers',\n                            name: v,\n                            marker: {\n                                color: 'rgb(245,245,245)',\n                                size: 1.5,\n                                opacity: 0.7,\n                            },\n                            type: 'scatter',\n                        },\n                        {\n                            x: params.x[v],\n                            y: params.y[v],\n                            name: v,\n                            ncontours: 20,\n                            colorscale: 'Blues',\n                            reversescale: true,\n                            showscale: false,\n                            type: 'histogram2dcontour',\n                        },\n                    );\n\t\t                return acc;\n                }, []);\n\n                if (params.range.x.length > 0) {\n                    tmpDensityRange['xaxis'] = {\n                        showgrid: false,\n                        zeroline: false,\n                        range: params.range.x,\n                    };\n                }\n\n                if (params.range.y.length > 0) {\n                    tmpDensityRange['yaxis'] = {\n                        showgrid: false,\n                        zeroline: false,\n                        range: params.range.y,\n                    };\n                }\n\n                if (Object.keys(obj).length === 0) {\n                    obj = {\n                        data: tmpData,\n                        layout: {\n                            title: params.title,\n                            font: {\n                                family: \"Saira, 'Nunito Sans'\",\n                            },\n                            showlegend: false,\n                            hovermode: 'closest',\n                            bargap: 0,\n                            ...tmpDensityRange,\n                        },\n                    };\n                } else {\n                    obj = {\n                        ...obj,\n                        data: obj.data.concat(tmpData),\n                    };\n                }\n                break;\n\n            case 'bubble chart':\n                tmpData = Object.keys(params.y).reduce((acc, v) => {\n                    acc.push({\n                        x: params.x[v],\n                        y: params.y[v],\n                        mode: 'markers',\n                        name: v,\n                        marker: {\n                            color: 'rgb(93, 164, 214)',\n                            size: params.z,\n                        },\n                    });\n\t\t                return acc;\n                }, []);\n                if (Object.keys(obj).length === 0) {\n                    obj = {\n                        data: tmpData,\n                        layout: {\n                            title: params.title,\n                            font: {\n                                family: \"Saira, 'Nunito Sans'\",\n                            },\n                            ...tmpRange,\n                        },\n                    };\n                } else {\n                    obj = {\n                        ...obj,\n                        data: obj.data.concat(tmpData),\n                    };\n                }\n                break;\n        }\n        return obj;\n    };\n\n    params.type.forEach((v) => {\n        tmpGraphProp = createPropData(tmpGraphProp, v, params);\n    });\n\n    Plotly.newPlot(element, tmpGraphProp.data, tmpGraphProp.layout);\n\n    if (params.func) {\n        element.on('plotly_relayout', params.func);\n    }\n}\n",
                    "type": "system"
                }
            ],
            "items": []
        }
    },
    {
        "analysis":{
            "script":{
                "db_id":null,
                "file_name":null,
                "script":null,
                "sql":"",
                "use_script":false
            },
            "setting":{
                "aggregation_default":{
                    "type":"period",
                    "val":"1d"
                },
                "filter_default":[

                ],
                "items":[

                ]
            },
            "type":"none"
        },
        "category":{
            "title":"Focus"
        },
        "convert":{
            "script":{
                "file_name":"convert_platechuckdierct.py",
                "script":"from resource.script.convert_base import ConvertBase\r\nimport datetime\r\nimport pandas as pd\r\n\r\nheader_list = [\r\n    \"evend_id\",\r\n    \"event_time\",\r\n    \"log_time\",\r\n    \"ch_x\",\r\n    \"ch_x_unit\",\r\n    \"ch_y\",\r\n    \"ch_y_unit\",\r\n    \"height\",\r\n    \"height_unit\"\r\n]\r\n\r\n\r\nclass ConvertScript(ConvertBase):\r\n    \"\"\"\r\n    .. class:: ConvertScript\r\n\r\n        This class is for converting input file by user script.\r\n    \"\"\"\r\n    def __init__(self, **kwargs):\r\n        super().__init__(**kwargs)\r\n\r\n    def run(self) -> pd.DataFrame:\r\n        \"\"\"\r\n        This method will be called by sub process(convert process). Fix this method as you want.\r\n\r\n        :return: DataFrame\r\n        \"\"\"\r\n        info_data_list = list()\r\n        line_cnt = 0\r\n        data_num_cnt = 1\r\n        meas_list = list()\r\n        functionName = \"platechuckdirect\"\r\n\r\n        # Read Log File\r\n        lines = self.readlines()\r\n\r\n        for line in lines:\r\n            # 改行コード等を除外した上で分割\r\n            linelog = line.strip().split(',')\r\n            # 1行目はヘッダ\r\n            if line_cnt == 0:\r\n                # event_id\r\n                info_data_list.append(functionName + \"Event\")\r\n                convert_time = datetime.datetime.strptime(linelog[0], \"%Y%m%d%H%M%S\")\r\n                convert_time = \"{0:%Y-%m-%dT%H:%M:%S.000000+0900}\".format(convert_time)\r\n                # event_time = 0\r\n                info_data_list.append(convert_time)\r\n                # log_time\r\n                info_data_list.append(convert_time)\r\n                # 読み込み行数をカウントアップ\r\n                line_cnt += 1\r\n            elif line_cnt == 1:\r\n                # 2行目は計測指示データ\r\n                # 使用しないためスキップ\r\n                line_cnt += 1\r\n            else:\r\n                temp_list = list()\r\n                # 数が不定でデータを取得しずらいためリストの中に設定する\r\n                # その他の行は全て計測データ\r\n                data_cnt = 0\r\n                # ch_x = 0\r\n                temp_list.append(linelog[data_cnt])\r\n                data_cnt += 1\r\n                # ch_x_unit = 1\r\n                temp_list.append(linelog[data_cnt])\r\n                data_cnt += 1\r\n                # ch_y = 2\r\n                temp_list.append(linelog[data_cnt])\r\n                data_cnt += 1\r\n                # ch_y_unit = 3\r\n                temp_list.append(linelog[data_cnt])\r\n                data_cnt += 1\r\n                # height = 4\r\n                temp_list.append(linelog[data_cnt])\r\n                data_cnt += 1\r\n                # height_unit = 5\r\n                temp_list.append(linelog[data_cnt])\r\n                # 残りの項目はDirectでは使用しないためスキップ\r\n                # 読み込み行数をカウントアップ\r\n                line_cnt += 1\r\n                meas_list.append(info_data_list + temp_list)\r\n\r\n        df = pd.DataFrame(columns=header_list, data=meas_list)\r\n        df['log_time'] = pd.to_datetime(df['log_time'])\r\n\r\n        return df\r\n",
                "use_script":true
            }
        },
        "func":{
            "info":{
                "log_name":"platechuckdirect"
            },
            "script":{
                "file_name":null,
                "script":null,
                "use_script":false
            },
            "source_type":"local",
            "system_func":true,
            "title":"platechuckdirect "
        },
        "visualization":{
            "function_graph_type":[
                {
                    "id":null,
                    "name":"default",
                    "script":"function renderGraph(Plotly, element, params) {\n    let tmpGraphProp = {};\n\n    const createPropData = (obj, type, params) => {\n        let tmpRange = {},\n            tmpDensityRange = {},\n            tmpData = [];\n\n        if (params.range.x.length > 0) {\n            tmpRange['xaxis'] = {\n                range: params.range.x,\n            };\n        }\n\n        if (params.range.y.length > 0) {\n            tmpRange['yaxis'] = {\n                range: params.range.y,\n            };\n        }\n\n        switch (type.toLowerCase()) {\n            case 'bar':\n            default:\n                tmpData = Object.keys(params.y).reduce((acc, v) => {\n                    acc.push({\n                        x: params.x[v],\n                        y: params.y[v],\n                        type: 'bar',\n                        name: v,\n                    });\n\t\t                return acc;\n                }, []);\n                if (Object.keys(obj).length === 0) {\n                    obj = {\n                        data: tmpData,\n                        layout: {\n                            title: params.title,\n                            font: {\n                                family: \"Saira, 'Nunito Sans'\",\n                            },\n                            ...tmpRange,\n                        },\n                    };\n                } else {\n                    obj = {\n                        ...obj,\n                        data: obj.data.concat(tmpData),\n                    };\n                }\n                break;\n\n            case 'line':\n                tmpData = Object.keys(params.y).reduce((acc, v) => {\n                    acc.push({\n                        x: params.x[v],\n                        y: params.y[v],\n                        type: 'scatter',\n                        name: v,\n                    });\n                    return acc;\n                }, []);\n                if (Object.keys(obj).length === 0) {\n                    obj = {\n                        data: tmpData,\n                        layout: {\n                            title: params.title,\n                            font: {\n                                family: \"Saira, 'Nunito Sans'\",\n                            },\n                            ...tmpRange,\n                        },\n                    };\n                } else {\n                    obj = {\n                        ...obj,\n                        data: obj.data.concat(tmpData),\n                    };\n                }\n                break;\n\n            case 'box plot':\n                tmpData = Object.keys(params.y).reduce((acc, v) => {\n                    acc.push({\n                        y: params.y[v],\n                        type: 'box',\n                        name: v,\n                    });\n\t\t                return acc;\n                }, []);\n                if (Object.keys(obj).length === 0) {\n                    obj = {\n                        data: tmpData,\n                        layout: {\n                            title: params.title,\n                            font: {\n                                family: \"Saira, 'Nunito Sans'\",\n                            },\n                            ...tmpRange,\n                        },\n                    };\n                } else {\n                    obj = {\n                        ...obj,\n                        data: obj.data.concat(tmpData),\n                    };\n                }\n                break;\n\n            case 'density plot':\n                tmpData = Object.keys(params.y).reduce((acc, v) => {\n                    acc.push(\n                        {\n                            x: params.x[v],\n                            y: params.y[v],\n                            mode: 'markers',\n                            name: v,\n                            marker: {\n                                color: 'rgb(245,245,245)',\n                                size: 1.5,\n                                opacity: 0.7,\n                            },\n                            type: 'scatter',\n                        },\n                        {\n                            x: params.x[v],\n                            y: params.y[v],\n                            name: v,\n                            ncontours: 20,\n                            colorscale: 'Blues',\n                            reversescale: true,\n                            showscale: false,\n                            type: 'histogram2dcontour',\n                        },\n                    );\n\t\t                return acc;\n                }, []);\n\n                if (params.range.x.length > 0) {\n                    tmpDensityRange['xaxis'] = {\n                        showgrid: false,\n                        zeroline: false,\n                        range: params.range.x,\n                    };\n                }\n\n                if (params.range.y.length > 0) {\n                    tmpDensityRange['yaxis'] = {\n                        showgrid: false,\n                        zeroline: false,\n                        range: params.range.y,\n                    };\n                }\n\n                if (Object.keys(obj).length === 0) {\n                    obj = {\n                        data: tmpData,\n                        layout: {\n                            title: params.title,\n                            font: {\n                                family: \"Saira, 'Nunito Sans'\",\n                            },\n                            showlegend: false,\n                            hovermode: 'closest',\n                            bargap: 0,\n                            ...tmpDensityRange,\n                        },\n                    };\n                } else {\n                    obj = {\n                        ...obj,\n                        data: obj.data.concat(tmpData),\n                    };\n                }\n                break;\n\n            case 'bubble chart':\n                tmpData = Object.keys(params.y).reduce((acc, v) => {\n                    acc.push({\n                        x: params.x[v],\n                        y: params.y[v],\n                        mode: 'markers',\n                        name: v,\n                        marker: {\n                            color: 'rgb(93, 164, 214)',\n                            size: params.z,\n                        },\n                    });\n\t\t                return acc;\n                }, []);\n                if (Object.keys(obj).length === 0) {\n                    obj = {\n                        data: tmpData,\n                        layout: {\n                            title: params.title,\n                            font: {\n                                family: \"Saira, 'Nunito Sans'\",\n                            },\n                            ...tmpRange,\n                        },\n                    };\n                } else {\n                    obj = {\n                        ...obj,\n                        data: obj.data.concat(tmpData),\n                    };\n                }\n                break;\n        }\n        return obj;\n    };\n\n    params.type.forEach((v) => {\n        tmpGraphProp = createPropData(tmpGraphProp, v, params);\n    });\n\n    Plotly.newPlot(element, tmpGraphProp.data, tmpGraphProp.layout);\n\n    if (params.func) {\n        element.on('plotly_relayout', params.func);\n    }\n}\n",
                    "type":"system"
                }
            ],
            "items":[

            ]
        }
    },
    {
        "analysis":{
            "script":{
                "db_id":null,
                "file_name":null,
                "script":null,
                "sql":"",
                "use_script":false
            },
            "setting":{
                "aggregation_default":{
                    "type":"period",
                    "val":"1d"
                },
                "filter_default":[

                ],
                "items":[

                ]
            },
            "type":"none"
        },
        "category":{
            "title":"Focus"
        },
        "convert":{
            "script":{
                "file_name":"convert_platechuckscan.py",
                "script":"from resource.script.convert_base import ConvertBase\r\nimport datetime\r\nimport pandas as pd\r\n\r\nheader_list = [\"evend_id\", \"event_time\", \"log_time\",\"data_num\", \"pitch_x\", \"pitch_y\", \"plate_size_x\", \"plate_size_x_unit\",\r\n               \"plate_size_y\", \"plate_size_y_unit\", \"direction\", \"targe_divide_chuck_side\",\r\n               \"targe_divide_chuck_side_unit\",\r\n               \"the_other_chuck_side_measure_count\", \"the_other_chuck_side_measure_count_unit\",\r\n               \"sensor_kind\", \"position_x\", \"position_x_unit\", \"position_y\", \"position_y_unit\", \"bl_value\",\r\n               \"bl_value_unit\", \"br_value\", \"br_value_unit\"]\r\n\r\n\r\nclass ConvertScript(ConvertBase):\r\n    \"\"\"\r\n    .. class:: ConvertScript\r\n\r\n        This class is for converting input file by user script.\r\n    \"\"\"\r\n    def __init__(self, **kwargs):\r\n        super().__init__(**kwargs)\r\n\r\n    def run(self) -> pd.DataFrame:\r\n        \"\"\"\r\n        This method will be called by sub process(convert process). Fix this method as you want.\r\n\r\n        :return: DataFrame\r\n        \"\"\"\r\n        info_data_list = list()\r\n        line_cnt = 0\r\n        data_num_cnt = 1\r\n        meas_list = list()\r\n        functionName = \"platechuckscan\"\r\n\r\n        # Read Log File\r\n        lines = self.readlines()\r\n        for line in lines:\r\n            # 改行コード等を除外した上で分割\r\n            linelog = line.strip().split(',')\r\n            # 1行目はヘッダ\r\n            if line_cnt == 0:\r\n                # event_id\r\n                info_data_list.append(functionName + \"Event\")\r\n                # 13桁のunix timeを10桁にする\r\n                convert_time = int(linelog[1], 16) / 1000\r\n                convert_time = datetime.datetime.fromtimestamp(convert_time)\r\n                convert_time = \"{0:%Y-%m-%dT%H:%M:%S.000000+0900}\".format(convert_time)\r\n                # event_time = 0\r\n                info_data_list.append(convert_time)\r\n                # logtime\r\n                info_data_list.append(convert_time)\r\n                # 計測データ数\r\n                # data_num = 6\r\n                info_data_list.append(linelog[6])\r\n                # 読み込み行数をカウントアップ\r\n                line_cnt += 1\r\n            elif line_cnt == 1:\r\n                # 2行目は計測指示データ\r\n                data_cnt = 0\r\n                # pitch_x = 0\r\n                info_data_list.append(linelog[data_cnt])\r\n                data_cnt += 1\r\n                # pitch_x_unitは使用しない\r\n                data_cnt += 1\r\n                # pitch_y = 2\r\n                info_data_list.append(linelog[data_cnt])\r\n                data_cnt += 1\r\n                # pitch_y_unitは使用しない\r\n                data_cnt += 1\r\n                # machine_xxxは使用しないため4つ飛ばす\r\n                data_cnt += 4\r\n                # plate_size_x = 8\r\n                info_data_list.append(linelog[data_cnt])\r\n                data_cnt += 1\r\n                # plate_size_x_unit = 9\r\n                info_data_list.append(linelog[data_cnt])\r\n                data_cnt += 1\r\n                # plate_size_y = 10\r\n                info_data_list.append(linelog[data_cnt])\r\n                data_cnt += 1\r\n                # plate_size_y_unit = 11\r\n                info_data_list.append(linelog[data_cnt])\r\n                data_cnt += 1\r\n                # scan_axis、unitは使用しないため2個飛ばす\r\n                data_cnt += 2\r\n                # direction = 14\r\n                info_data_list.append(linelog[data_cnt])\r\n                data_cnt += 2\r\n                # PRE_MEAS_POS_Xは使用しないので2個飛ばす\r\n                data_cnt += 2\r\n                # PRE_MEAS_POS_Yは使用しないので2個飛ばす\r\n                data_cnt += 2\r\n                # targe_divide_chuck_side = 20\r\n                info_data_list.append(linelog[data_cnt])\r\n                data_cnt += 1\r\n                # targe_divide_chuck_side_unit = 21\r\n                info_data_list.append(linelog[data_cnt])\r\n                data_cnt += 1\r\n                # \"the_other_chuck_side_measure_count = 22\r\n                info_data_list.append(linelog[data_cnt])\r\n                data_cnt += 1\r\n                # the_other_chuck_side_measure_count_unit = 23\r\n                info_data_list.append(linelog[data_cnt])\r\n                data_cnt += 1\r\n                # 読み込み行数をカウントアップ\r\n                line_cnt += 1\r\n            else:\r\n                temp_list = list()\r\n                # 数が不定でデータを取得しずらいためリストの中に設定する\r\n                # その他の行は全て計測データ\r\n                data_cnt = 0\r\n                # csensor_kind = 0\r\n                temp_list.append(linelog[data_cnt])\r\n                data_cnt += 1\r\n                # sensor_kind_unit_は使用しない\r\n                data_cnt += 1\r\n                # position_x = 2\r\n                temp_list.append(linelog[data_cnt])\r\n                data_cnt += 1\r\n                # position_x_unit = 3\r\n                temp_list.append(linelog[data_cnt])\r\n                data_cnt += 1\r\n                # position_y = 4\r\n                temp_list.append(linelog[data_cnt])\r\n                data_cnt += 1\r\n                # cposition_y_unit = 5\r\n                temp_list.append(linelog[data_cnt])\r\n                data_cnt += 1\r\n                # bl_value = 6\r\n                temp_list.append(linelog[data_cnt])\r\n                data_cnt += 1\r\n                # bl_value_unit = 7\r\n                temp_list.append(linelog[data_cnt])\r\n                data_cnt += 1\r\n                # br_value = 8\r\n                temp_list.append(linelog[data_cnt])\r\n                data_cnt += 1\r\n                # br_value_unit = 9\r\n                temp_list.append(linelog[data_cnt])\r\n                data_cnt += 1\r\n                # 読み込み行数をカウントアップ\r\n                line_cnt += 1\r\n                meas_list.append(info_data_list + temp_list)\r\n\r\n        df = pd.DataFrame(columns=header_list, data=meas_list)\r\n        df['log_time'] = pd.to_datetime(df['log_time'])\r\n\r\n        return df\r\n",
                "use_script":true
            }
        },
        "func":{
            "info":{
                "log_name":"platechuckscan"
            },
            "script":{
                "file_name":null,
                "script":null,
                "use_script":false
            },
            "source_type":"local",
            "system_func":true,
            "title":"platechuckscan"
        },
        "visualization":{
            "function_graph_type":[
                {
                    "id":null,
                    "name":"default",
                    "script":"function renderGraph(Plotly, element, params) {\n    let tmpGraphProp = {};\n\n    const createPropData = (obj, type, params) => {\n        let tmpRange = {},\n            tmpDensityRange = {},\n            tmpData = [];\n\n        if (params.range.x.length > 0) {\n            tmpRange['xaxis'] = {\n                range: params.range.x,\n            };\n        }\n\n        if (params.range.y.length > 0) {\n            tmpRange['yaxis'] = {\n                range: params.range.y,\n            };\n        }\n\n        switch (type.toLowerCase()) {\n            case 'bar':\n            default:\n                tmpData = Object.keys(params.y).reduce((acc, v) => {\n                    acc.push({\n                        x: params.x[v],\n                        y: params.y[v],\n                        type: 'bar',\n                        name: v,\n                    });\n\t\t                return acc;\n                }, []);\n                if (Object.keys(obj).length === 0) {\n                    obj = {\n                        data: tmpData,\n                        layout: {\n                            title: params.title,\n                            font: {\n                                family: \"Saira, 'Nunito Sans'\",\n                            },\n                            ...tmpRange,\n                        },\n                    };\n                } else {\n                    obj = {\n                        ...obj,\n                        data: obj.data.concat(tmpData),\n                    };\n                }\n                break;\n\n            case 'line':\n                tmpData = Object.keys(params.y).reduce((acc, v) => {\n                    acc.push({\n                        x: params.x[v],\n                        y: params.y[v],\n                        type: 'scatter',\n                        name: v,\n                    });\n                    return acc;\n                }, []);\n                if (Object.keys(obj).length === 0) {\n                    obj = {\n                        data: tmpData,\n                        layout: {\n                            title: params.title,\n                            font: {\n                                family: \"Saira, 'Nunito Sans'\",\n                            },\n                            ...tmpRange,\n                        },\n                    };\n                } else {\n                    obj = {\n                        ...obj,\n                        data: obj.data.concat(tmpData),\n                    };\n                }\n                break;\n\n            case 'box plot':\n                tmpData = Object.keys(params.y).reduce((acc, v) => {\n                    acc.push({\n                        y: params.y[v],\n                        type: 'box',\n                        name: v,\n                    });\n\t\t                return acc;\n                }, []);\n                if (Object.keys(obj).length === 0) {\n                    obj = {\n                        data: tmpData,\n                        layout: {\n                            title: params.title,\n                            font: {\n                                family: \"Saira, 'Nunito Sans'\",\n                            },\n                            ...tmpRange,\n                        },\n                    };\n                } else {\n                    obj = {\n                        ...obj,\n                        data: obj.data.concat(tmpData),\n                    };\n                }\n                break;\n\n            case 'density plot':\n                tmpData = Object.keys(params.y).reduce((acc, v) => {\n                    acc.push(\n                        {\n                            x: params.x[v],\n                            y: params.y[v],\n                            mode: 'markers',\n                            name: v,\n                            marker: {\n                                color: 'rgb(245,245,245)',\n                                size: 1.5,\n                                opacity: 0.7,\n                            },\n                            type: 'scatter',\n                        },\n                        {\n                            x: params.x[v],\n                            y: params.y[v],\n                            name: v,\n                            ncontours: 20,\n                            colorscale: 'Blues',\n                            reversescale: true,\n                            showscale: false,\n                            type: 'histogram2dcontour',\n                        },\n                    );\n\t\t                return acc;\n                }, []);\n\n                if (params.range.x.length > 0) {\n                    tmpDensityRange['xaxis'] = {\n                        showgrid: false,\n                        zeroline: false,\n                        range: params.range.x,\n                    };\n                }\n\n                if (params.range.y.length > 0) {\n                    tmpDensityRange['yaxis'] = {\n                        showgrid: false,\n                        zeroline: false,\n                        range: params.range.y,\n                    };\n                }\n\n                if (Object.keys(obj).length === 0) {\n                    obj = {\n                        data: tmpData,\n                        layout: {\n                            title: params.title,\n                            font: {\n                                family: \"Saira, 'Nunito Sans'\",\n                            },\n                            showlegend: false,\n                            hovermode: 'closest',\n                            bargap: 0,\n                            ...tmpDensityRange,\n                        },\n                    };\n                } else {\n                    obj = {\n                        ...obj,\n                        data: obj.data.concat(tmpData),\n                    };\n                }\n                break;\n\n            case 'bubble chart':\n                tmpData = Object.keys(params.y).reduce((acc, v) => {\n                    acc.push({\n                        x: params.x[v],\n                        y: params.y[v],\n                        mode: 'markers',\n                        name: v,\n                        marker: {\n                            color: 'rgb(93, 164, 214)',\n                            size: params.z,\n                        },\n                    });\n\t\t                return acc;\n                }, []);\n                if (Object.keys(obj).length === 0) {\n                    obj = {\n                        data: tmpData,\n                        layout: {\n                            title: params.title,\n                            font: {\n                                family: \"Saira, 'Nunito Sans'\",\n                            },\n                            ...tmpRange,\n                        },\n                    };\n                } else {\n                    obj = {\n                        ...obj,\n                        data: obj.data.concat(tmpData),\n                    };\n                }\n                break;\n        }\n        return obj;\n    };\n\n    params.type.forEach((v) => {\n        tmpGraphProp = createPropData(tmpGraphProp, v, params);\n    });\n\n    Plotly.newPlot(element, tmpGraphProp.data, tmpGraphProp.layout);\n\n    if (params.func) {\n        element.on('plotly_relayout', params.func);\n    }\n}\n",
                    "type":"system"
                }
            ],
            "items":[

            ]
        }
    },
    {
        "analysis":{
            "script":{
                "db_id":null,
                "file_name":null,
                "script":null,
                "sql":"",
                "use_script":false
            },
            "setting":{
                "aggregation_default":{
                    "type":"period",
                    "val":"1d"
                },
                "filter_default":[

                ],
                "items":[

                ]
            },
            "type":"none"
        },
        "category":{
            "title":"Focus"
        },
        "convert":{
            "script":{
                "file_name":"convert_platechuckrangescan.py",
                "script":"from resource.script.convert_base import ConvertBase\r\nimport datetime\r\nimport pandas as pd\r\n\r\nheader_list = [\r\n    \"evend_id\",\r\n    \"event_time\",\r\n    \"log_time\",\r\n    \"position_x\",\r\n    \"position_x_unit\",\r\n    \"position_y\",\r\n    \"position_y_unit\",\r\n    \"value\",\r\n    \"value_unit\"\r\n]\r\n\r\n\r\nclass ConvertScript(ConvertBase):\r\n    \"\"\"\r\n    .. class:: ConvertScript\r\n\r\n        This class is for converting input file by user script.\r\n    \"\"\"\r\n    def __init__(self, **kwargs):\r\n        super().__init__(**kwargs)\r\n\r\n    def run(self) -> pd.DataFrame:\r\n        \"\"\"\r\n        This method will be called by sub process(convert process). Fix this method as you want.\r\n\r\n        :return: DataFrame\r\n        \"\"\"\r\n        info_data_list = list()\r\n        line_cnt = 0\r\n        data_num_cnt = 1\r\n        meas_list = list()\r\n        functionName = \"platechuckrangescan\"\r\n\r\n        # Read Log File\r\n        lines = self.readlines()\r\n\r\n        for line in lines:\r\n            # 改行コード等を除外した上で分割\r\n            linelog = line.strip().split(',')\r\n            # 1行目はヘッダ\r\n            if line_cnt == 0:\r\n                # event_id\r\n                info_data_list.append(functionName + \"Event\")\r\n                # 13桁のunix timeを10桁にする\r\n                convert_time = int(linelog[1], 16) / 1000\r\n                convert_time = datetime.datetime.fromtimestamp(convert_time)\r\n                convert_time = \"{0:%Y-%m-%dT%H:%M:%S.000000+0900}\".format(convert_time)\r\n                # event_time = 0\r\n                info_data_list.append(convert_time)\r\n                # log_time\r\n                info_data_list.append(convert_time)\r\n                # 読み込み行数をカウントアップ\r\n                line_cnt += 1\r\n            elif line_cnt == 1:\r\n                # 2行目は計測指示データ\r\n                # 使用しないためスキップ\r\n                # 読み込み行数をカウントアップ\r\n                line_cnt += 1\r\n            else:\r\n                temp_list = list()\r\n                # 数が不定でデータを取得しずらいためリストの中に設定する\r\n                # その他の行は全て計測データ\r\n                data_cnt = 0\r\n                # position_x = 0\r\n                temp_list.append(linelog[data_cnt])\r\n                data_cnt += 1\r\n                # position_x_unit = 1\r\n                temp_list.append(linelog[data_cnt])\r\n                data_cnt += 1\r\n                # position_y = 2\r\n                temp_list.append(linelog[data_cnt])\r\n                data_cnt += 1\r\n                # position_y_unit = 3\r\n                temp_list.append(linelog[data_cnt])\r\n                data_cnt += 1\r\n                # value = 4\r\n                temp_list.append(linelog[data_cnt])\r\n                data_cnt += 1\r\n                # value_unit = 5\r\n                temp_list.append(linelog[data_cnt])\r\n                data_cnt += 1\r\n\r\n                # 読み込み行数をカウントアップ\r\n                line_cnt += 1\r\n                meas_list.append(info_data_list + temp_list)\r\n\r\n        df = pd.DataFrame(columns=header_list, data=meas_list)\r\n        df['log_time'] = pd.to_datetime(df['log_time'])\r\n\r\n        return df\r\n",
                "use_script":true
            }
        },
        "func":{
            "info":{
                "log_name":"platechuckrangescan"
            },
            "script":{
                "file_name":null,
                "script":null,
                "use_script":false
            },
            "source_type":"local",
            "system_func":true,
            "title":"platechuckrangescan"
        },
        "visualization":{
            "function_graph_type":[
                {
                    "id":null,
                    "name":"default",
                    "script":"function renderGraph(Plotly, element, params) {\n    let tmpGraphProp = {};\n\n    const createPropData = (obj, type, params) => {\n        let tmpRange = {},\n            tmpDensityRange = {},\n            tmpData = [];\n\n        if (params.range.x.length > 0) {\n            tmpRange['xaxis'] = {\n                range: params.range.x,\n            };\n        }\n\n        if (params.range.y.length > 0) {\n            tmpRange['yaxis'] = {\n                range: params.range.y,\n            };\n        }\n\n        switch (type.toLowerCase()) {\n            case 'bar':\n            default:\n                tmpData = Object.keys(params.y).reduce((acc, v) => {\n                    acc.push({\n                        x: params.x[v],\n                        y: params.y[v],\n                        type: 'bar',\n                        name: v,\n                    });\n\t\t                return acc;\n                }, []);\n                if (Object.keys(obj).length === 0) {\n                    obj = {\n                        data: tmpData,\n                        layout: {\n                            title: params.title,\n                            font: {\n                                family: \"Saira, 'Nunito Sans'\",\n                            },\n                            ...tmpRange,\n                        },\n                    };\n                } else {\n                    obj = {\n                        ...obj,\n                        data: obj.data.concat(tmpData),\n                    };\n                }\n                break;\n\n            case 'line':\n                tmpData = Object.keys(params.y).reduce((acc, v) => {\n                    acc.push({\n                        x: params.x[v],\n                        y: params.y[v],\n                        type: 'scatter',\n                        name: v,\n                    });\n                    return acc;\n                }, []);\n                if (Object.keys(obj).length === 0) {\n                    obj = {\n                        data: tmpData,\n                        layout: {\n                            title: params.title,\n                            font: {\n                                family: \"Saira, 'Nunito Sans'\",\n                            },\n                            ...tmpRange,\n                        },\n                    };\n                } else {\n                    obj = {\n                        ...obj,\n                        data: obj.data.concat(tmpData),\n                    };\n                }\n                break;\n\n            case 'box plot':\n                tmpData = Object.keys(params.y).reduce((acc, v) => {\n                    acc.push({\n                        y: params.y[v],\n                        type: 'box',\n                        name: v,\n                    });\n\t\t                return acc;\n                }, []);\n                if (Object.keys(obj).length === 0) {\n                    obj = {\n                        data: tmpData,\n                        layout: {\n                            title: params.title,\n                            font: {\n                                family: \"Saira, 'Nunito Sans'\",\n                            },\n                            ...tmpRange,\n                        },\n                    };\n                } else {\n                    obj = {\n                        ...obj,\n                        data: obj.data.concat(tmpData),\n                    };\n                }\n                break;\n\n            case 'density plot':\n                tmpData = Object.keys(params.y).reduce((acc, v) => {\n                    acc.push(\n                        {\n                            x: params.x[v],\n                            y: params.y[v],\n                            mode: 'markers',\n                            name: v,\n                            marker: {\n                                color: 'rgb(245,245,245)',\n                                size: 1.5,\n                                opacity: 0.7,\n                            },\n                            type: 'scatter',\n                        },\n                        {\n                            x: params.x[v],\n                            y: params.y[v],\n                            name: v,\n                            ncontours: 20,\n                            colorscale: 'Blues',\n                            reversescale: true,\n                            showscale: false,\n                            type: 'histogram2dcontour',\n                        },\n                    );\n\t\t                return acc;\n                }, []);\n\n                if (params.range.x.length > 0) {\n                    tmpDensityRange['xaxis'] = {\n                        showgrid: false,\n                        zeroline: false,\n                        range: params.range.x,\n                    };\n                }\n\n                if (params.range.y.length > 0) {\n                    tmpDensityRange['yaxis'] = {\n                        showgrid: false,\n                        zeroline: false,\n                        range: params.range.y,\n                    };\n                }\n\n                if (Object.keys(obj).length === 0) {\n                    obj = {\n                        data: tmpData,\n                        layout: {\n                            title: params.title,\n                            font: {\n                                family: \"Saira, 'Nunito Sans'\",\n                            },\n                            showlegend: false,\n                            hovermode: 'closest',\n                            bargap: 0,\n                            ...tmpDensityRange,\n                        },\n                    };\n                } else {\n                    obj = {\n                        ...obj,\n                        data: obj.data.concat(tmpData),\n                    };\n                }\n                break;\n\n            case 'bubble chart':\n                tmpData = Object.keys(params.y).reduce((acc, v) => {\n                    acc.push({\n                        x: params.x[v],\n                        y: params.y[v],\n                        mode: 'markers',\n                        name: v,\n                        marker: {\n                            color: 'rgb(93, 164, 214)',\n                            size: params.z,\n                        },\n                    });\n\t\t                return acc;\n                }, []);\n                if (Object.keys(obj).length === 0) {\n                    obj = {\n                        data: tmpData,\n                        layout: {\n                            title: params.title,\n                            font: {\n                                family: \"Saira, 'Nunito Sans'\",\n                            },\n                            ...tmpRange,\n                        },\n                    };\n                } else {\n                    obj = {\n                        ...obj,\n                        data: obj.data.concat(tmpData),\n                    };\n                }\n                break;\n        }\n        return obj;\n    };\n\n    params.type.forEach((v) => {\n        tmpGraphProp = createPropData(tmpGraphProp, v, params);\n    });\n\n    Plotly.newPlot(element, tmpGraphProp.data, tmpGraphProp.layout);\n\n    if (params.func) {\n        element.on('plotly_relayout', params.func);\n    }\n}\n",
                    "type":"system"
                }
            ],
            "items":[

            ]
        }
    }
]