[
    {
        "convert_rule": [
            {
                "convert_rule_item": [],
                "rule_name": "INFO_0_HEADER_0",
                "\"commit\"": true
            }
        ],
        "log_define_master": {
            "input_type": "csv",
            "log_name": "prescan",
            "table_name": "prescan"
        }
    },
    {
        "convert_rule": [
            {
                "convert_rule_item": [],
                "rule_name": "INFO_0_HEADER_0",
                "\"commit\"": true
            }
        ],
        "log_define_master": {
            "input_type": "csv",
            "log_name": "rtaf",
            "table_name": "rtaf"
        }
    },
    {
        "convert_rule": [
            {
                "convert_rule_item": [
                    {
                        "coef": null,
                        "col_index": 1,
                        "data_type": "timestamp",
                        "def_type": "null",
                        "def_val": "null",
                        "name": "log_time",
                        "output_column": "log_time",
                        "row_index": null,
                        "skip": 0,
                        "type": "header",
                        "unit": ""
                    }
                ],
                "rule_name": "INFO_0_HEADER_1",
                "\"commit\"": true
            }
        ],
        "log_define_master": {
            "input_type": "csv",
            "log_name": "platechuckdirect",
            "table_name": "platechuckdirect"
        }
    },
    {
        "convert_rule": [
            {
                "convert_rule_item": [
                    {
                        "coef": null,
                        "col_index": 1,
                        "data_type": "timestamp",
                        "def_type": "null",
                        "def_val": "null",
                        "name": "log_time",
                        "output_column": "log_time",
                        "row_index": null,
                        "skip": 0,
                        "type": "header",
                        "unit": ""
                    }
                ],
                "rule_name": "INFO_0_HEADER_1",
                "\"commit\"": true
            }
        ],
        "log_define_master": {
            "input_type": "csv",
            "log_name": "platechuckscan",
            "table_name": "platechuckscan"
        }
    },
    {
        "convert_rule": [
            {
                "convert_rule_item": [
                    {
                        "coef": null,
                        "col_index": 1,
                        "data_type": "timestamp",
                        "def_type": "null",
                        "def_val": "null",
                        "name": "log_time",
                        "output_column": "log_time",
                        "row_index": null,
                        "skip": 0,
                        "type": "header",
                        "unit": ""
                    }
                ],
                "rule_name": "INFO_0_HEADER_1",
                "\"commit\"": true
            }
        ],
        "log_define_master": {
            "input_type": "csv",
            "log_name": "platechuckrangescan",
            "table_name": "platechuckrangescan"
        }
    }
]