[
    {
        "convert_rule": [
            {
                "convert_rule_item": [],
                "rule_name": "INFO_0_HEADER_0",
                "\"commit\"": true
            }
        ],
        "log_define_master": {
            "input_type": "csv",
            "log_name": "prescan",
            "table_name": null
        }
    },
    {
        "convert_rule": [
            {
                "convert_rule_item": [],
                "rule_name": "INFO_0_HEADER_0",
                "\"commit\"": true
            }
        ],
        "log_define_master": {
            "input_type": "csv",
            "log_name": "rtaf",
            "table_name": null
        }
    }
]