[{
	"analysis": {
		"script": {
			"db_id": null,
			"file_name": null,
			"script": null,
			"sql": null,
			"use_script": false
		},
		"setting": {
			"aggregation_default": {
				"type": "column",
				"val": "lot_id"
			},
			"filter_default": [{
				"key": "device",
				"val": []
			}, {
				"key": "process",
				"val": []
			}],
			"items": [{
				"disp_order": 2,
				"group_analysis": "ave",
				"group_analysis_type": "ave",
				"source_col": "lips_height",
				"title": "LIPS Height AVE",
				"total_analysis": "delta.abs.max",
				"total_analysis_type": "sequential"
			}, {
				"disp_order": 3,
				"group_analysis": "range.max",
				"group_analysis_type": "sequential",
				"source_col": "lips_height",
				"title": "LIPS Height Range",
				"total_analysis": "max",
				"total_analysis_type": "max"
			}, {
				"disp_order": 4,
				"group_analysis": "ave",
				"group_analysis_type": "ave",
				"source_col": "mask_bend_height",
				"title": "MASK BEND Height AVE",
				"total_analysis": "delta.abs.max",
				"total_analysis_type": "sequential"
			}, {
				"disp_order": 5,
				"group_analysis": "range.max",
				"group_analysis_type": "sequential",
				"source_col": "mask_bend_height",
				"title": "MASK BEND Height Range",
				"total_analysis": "max",
				"total_analysis_type": "max"
			}, {
				"disp_order": 6,
				"group_analysis": "ave",
				"group_analysis_type": "ave",
				"source_col": "mask_bend_pitch",
				"title": "MASK BEND Pitching AVE",
				"total_analysis": "delta.abs.max",
				"total_analysis_type": "sequential"
			}, {
				"disp_order": 7,
				"group_analysis": "range.max",
				"group_analysis_type": "sequential",
				"source_col": "mask_bend_pitch",
				"title": "MASK BEND Pitching Range",
				"total_analysis": "max",
				"total_analysis_type": "max"
			}, {
				"disp_order": 8,
				"group_analysis": "ave",
				"group_analysis_type": "ave",
				"source_col": "mask_bend_roll",
				"title": "MASK BEND Rolling AVE",
				"total_analysis": "delta.abs.max",
				"total_analysis_type": "sequential"
			}, {
				"disp_order": 9,
				"group_analysis": "range.max",
				"group_analysis_type": "sequential",
				"source_col": "mask_bend_roll",
				"title": "MASK BEND Rolling Range",
				"total_analysis": "max",
				"total_analysis_type": "max"
			}, {
				"disp_order": 10,
				"group_analysis": "ave",
				"group_analysis_type": "ave",
				"source_col": "chuck_pos_afc_meas_height",
				"title": "Chuck Posture Height AVE",
				"total_analysis": "delta.abs.max",
				"total_analysis_type": "sequential"
			}, {
				"disp_order": 11,
				"group_analysis": "3sigma",
				"group_analysis_type": "3sigma",
				"source_col": "chuck_pos_afc_meas_height",
				"title": "Chuck Posture Height 3sigma",
				"total_analysis": "max",
				"total_analysis_type": "max"
			}, {
				"disp_order": 12,
				"group_analysis": "ave",
				"group_analysis_type": "ave",
				"source_col": "chuck_pos_afc_meas_pitch",
				"title": "Chuck Posture Pitching AVE",
				"total_analysis": "delta.abs.max",
				"total_analysis_type": "sequential"
			}, {
				"disp_order": 13,
				"group_analysis": "3sigma",
				"group_analysis_type": "3sigma",
				"source_col": "chuck_pos_afc_meas_pitch",
				"title": "Chuck Posture Pitching 3sigma",
				"total_analysis": "max",
				"total_analysis_type": "max"
			}, {
				"disp_order": 14,
				"group_analysis": "ave",
				"group_analysis_type": "ave",
				"source_col": "chuck_pos_afc_meas_roll",
				"title": "Chuck Posture Rolling  AVE",
				"total_analysis": "delta.abs.max",
				"total_analysis_type": "sequential"
			}, {
				"disp_order": 15,
				"group_analysis": "3sigma",
				"group_analysis_type": "3sigma",
				"source_col": "chuck_pos_afc_meas_roll",
				"title": "Chuck Posture Rolling  3sigma",
				"total_analysis": "max",
				"total_analysis_type": "max"
			}, {
				"disp_order": 16,
				"group_analysis": "ave",
				"group_analysis_type": "ave",
				"source_col": "stage_pos_afc_meas_height",
				"title": "Stage Pos. Height AVE",
				"total_analysis": "delta.abs.max",
				"total_analysis_type": "sequential"
			}, {
				"disp_order": 17,
				"group_analysis": "3sigma.abs",
				"group_analysis_type": "sequential",
				"source_col": "stage_pos_afc_meas_height",
				"title": "Chuck Posture Rolling 3sigma",
				"total_analysis": "max",
				"total_analysis_type": "max"
			}, {
				"disp_order": 18,
				"group_analysis": "ave",
				"group_analysis_type": "ave",
				"source_col": "stage_pos_afc_meas_pitch",
				"title": "Stage Pos. Pitching AVE",
				"total_analysis": "delta.abs.max",
				"total_analysis_type": "sequential"
			}, {
				"disp_order": 19,
				"group_analysis": "ave",
				"group_analysis_type": "ave",
				"source_col": "stage_pos_afc_meas_roll",
				"title": "Stage Pos. Rolling AVE",
				"total_analysis": "delta.abs.max",
				"total_analysis_type": "sequential"
			}, {
				"disp_order": 20,
				"group_analysis": "ave",
				"group_analysis_type": "ave",
				"source_col": "stage_pos_afc_meas_z1",
				"title": "Stage Pos. Z1 AVE",
				"total_analysis": "delta.abs.max",
				"total_analysis_type": "sequential"
			}, {
				"disp_order": 21,
				"group_analysis": "ave",
				"group_analysis_type": "ave",
				"source_col": "stage_pos_afc_meas_z2",
				"title": "Stage Pos. Z2 AVE",
				"total_analysis": "delta.abs.max",
				"total_analysis_type": "sequential"
			}, {
				"disp_order": 22,
				"group_analysis": "ave",
				"group_analysis_type": "ave",
				"source_col": "stage_pos_afc_meas_z3",
				"title": "Stage Pos. Z3 AVE",
				"total_analysis": "delta.abs.max",
				"total_analysis_type": "sequential"
			}, {
				"disp_order": 23,
				"group_analysis": "ave",
				"group_analysis_type": "ave",
				"source_col": "stage_pos_afc_meas_z4",
				"title": "Stage Pos. Z4 AVE",
				"total_analysis": "delta.abs.max",
				"total_analysis_type": "sequential"
			}, {
				"disp_order": 1,
				"group_analysis": "nunique",
				"group_analysis_type": "sequential",
				"source_col": "plate_no",
				"title": "Plate Num",
				"total_analysis": "",
				"total_analysis_type": ""
			}]
		},
		"type": "setting"
	},
	"category": {
		"title": "Focus"
	},
	"convert": {
		"script": {
			"file_name": "convert_auto_focus_compensation.py",
			"script": "from resource.script.convert_base import ConvertBase\n\nimport pandas as pd\n\n\nclass ConvertScript(ConvertBase):\n    \"\"\"\n    .. class:: ConvertScript\n\n        This class is for converting input file by user script.\n    \"\"\"\n    def __init__(self, **kwargs):\n        super().__init__(**kwargs)\n\n    def run(self) -> pd.DataFrame:\n        \"\"\"\n        This method will be called by sub process(convert process). Fix this method as you want.\n\n        :return: DataFrame\n        \"\"\"\n        df = self.execute_system_converter()\n\n        filename = self.get_input_log_file_name()\n        if 'lot_id' in df.columns:\n            lot_id_list = df['lot_id'].dropna().unique()\n            if len(lot_id_list) > 0:\n                if df['lot_id'].isnull().values[0]:\n                    # example: [None, None, LOTID1, None, ...] -> [LOTID1, LOTID1, LOTID1, None, ...]\n                    first_idx = df[df['lot_id'] == lot_id_list[0]].index.tolist()[0]\n                    for idx in range(0, first_idx):\n                        df.at[idx, 'lot_id'] = lot_id_list[0]\n                \n                null_list = df['lot_id'].isnull().values.tolist()\n                filled_lot_id = df['lot_id'].values[0] \n                for i in range(1, len(null_list)):\n                    if null_list[i]:\n                        df.at[i, 'lot_id'] = filled_lot_id\n                    else:\n                        filled_lot_id = df['lot_id'].values[i]\n            else:\n                df['lot_id'] = filename\n\n        return df\n",
			"use_script": true
		}
	},
	"func": {
		"info": {
			"log_name": "PLATEAUTOFOCUSCOMPENSATION"
		},
		"script": {
			"file_name": null,
			"script": null,
			"use_script": false
		},
		"source_type": "local",
		"system_func": true,
		"title": "PLATEAUTOFOCUSCOMPENSATION"
	},
	"visualization": {
		"function_graph_type": [{
			"id": null,
			"name": "default",
			"script": "function renderGraph(Plotly, element, params) {\n    let tmpGraphProp = {};\n\n    const createPropData = (obj, type, params) => {\n        let tmpRange = {},\n            tmpDensityRange = {},\n            tmpData = [];\n\n        if (params.range.x.length > 0) {\n            tmpRange['xaxis'] = {\n                range: params.range.x,\n            };\n        }\n\n        if (params.range.y.length > 0) {\n            tmpRange['yaxis'] = {\n                range: params.range.y,\n            };\n        }\n\n        switch (type.toLowerCase()) {\n            case 'bar':\n            default:\n                Object.keys(params.y).reduce((acc, v) => {\n                    acc.push({\n                        x: params.x[v],\n                        y: params.y[v],\n                        type: 'bar',\n                        name: v,\n                    });\n\t\t                return acc;\n                }, tmpData);\n                if (Object.keys(obj).length === 0) {\n                    obj = {\n                        data: tmpData,\n                        layout: {\n                            title: params.title,\n                            font: {\n                                family: \"Saira, 'Nunito Sans'\",\n                            },\n                            ...tmpRange,\n                        },\n                    };\n                } else {\n                    obj = {\n                        ...obj,\n                        data: obj.data.concat(tmpData),\n                    };\n                }\n                break;\n\n            case 'line':\n                Object.keys(params.y).reduce((acc, v) => {\n                    acc.push({\n                        x: params.x[v],\n                        y: params.y[v],\n                        type: 'scatter',\n                        name: v,\n                    });\n                    return acc;\n                }, tmpData);\n                if (Object.keys(obj).length === 0) {\n                    obj = {\n                        data: tmpData,\n                        layout: {\n                            title: params.title,\n                            font: {\n                                family: \"Saira, 'Nunito Sans'\",\n                            },\n                            ...tmpRange,\n                        },\n                    };\n                } else {\n                    obj = {\n                        ...obj,\n                        data: obj.data.concat(tmpData),\n                    };\n                }\n                break;\n\n            case 'box plot':\n                Object.keys(params.y).reduce((acc, v) => {\n                    acc.push({\n                        y: params.y[v],\n                        type: 'box',\n                        name: v,\n                    });\n\t\t                return acc;\n                }, tmpData);\n                if (Object.keys(obj).length === 0) {\n                    obj = {\n                        data: tmpData,\n                        layout: {\n                            title: params.title,\n                            font: {\n                                family: \"Saira, 'Nunito Sans'\",\n                            },\n                            ...tmpRange,\n                        },\n                    };\n                } else {\n                    obj = {\n                        ...obj,\n                        data: obj.data.concat(tmpData),\n                    };\n                }\n                break;\n\n            case 'density plot':\n                Object.keys(params.y).reduce((acc, v) => {\n                    acc.push(\n                        {\n                            x: params.x[v],\n                            y: params.y[v],\n                            mode: 'markers',\n                            name: v,\n                            marker: {\n                                color: 'rgb(245,245,245)',\n                                size: 1.5,\n                                opacity: 0.7,\n                            },\n                            type: 'scatter',\n                        },\n                        {\n                            x: params.x[v],\n                            y: params.y[v],\n                            name: v,\n                            ncontours: 20,\n                            colorscale: 'Blues',\n                            reversescale: true,\n                            showscale: false,\n                            type: 'histogram2dcontour',\n                        },\n                    );\n\t\t                return acc;\n                }, tmpData);\n\t\t\t\t\n                if (params.range.x.length > 0) {\n                    tmpDensityRange['xaxis'] = {\n                        showgrid: false,\n                        zeroline: false,\n                        range: params.range.x,\n                    };\n                }\n\n                if (params.range.y.length > 0) {\n                    tmpDensityRange['yaxis'] = {\n                        showgrid: false,\n                        zeroline: false,\n                        range: params.range.y,\n                    };\n                }\n\n                if (Object.keys(obj).length === 0) {\n                    obj = {\n                        data: tmpData,\n                        layout: {\n                            title: params.title,\n                            font: {\n                                family: \"Saira, 'Nunito Sans'\",\n                            },\n                            showlegend: false,\n                            hovermode: 'closest',\n                            bargap: 0,\n                            ...tmpDensityRange,\n                        },\n                    };\n                } else {\n                    obj = {\n                        ...obj,\n                        data: obj.data.concat(tmpData),\n                    };\n                }\n                break;\n\n            case 'bubble chart':\n                Object.keys(params.y).reduce((acc, v) => {\n                    acc.push({\n                        x: params.x[v],\n                        y: params.y[v],\n                        mode: 'markers',\n                        name: v,\n                        marker: {\n                            color: 'rgb(93, 164, 214)',\n                            size: params.z,\n                        },\n                    });\n\t\t                return acc;\n                }, tmpData);\n                if (Object.keys(obj).length === 0) {\n                    obj = {\n                        data: tmpData,\n                        layout: {\n                            title: params.title,\n                            font: {\n                                family: \"Saira, 'Nunito Sans'\",\n                            },\n                            ...tmpRange,\n                        },\n                    };\n                } else {\n                    obj = {\n                        ...obj,\n                        data: obj.data.concat(tmpData),\n                    };\n                }\n                break;\n        }\n        return obj;\n    };\n\n    params.type.forEach((v) => {\n        tmpGraphProp = createPropData(tmpGraphProp, v, params);\n    });\n\n    Plotly.newPlot(element, tmpGraphProp.data, tmpGraphProp.layout);\n\n    if (params.func) {\n        element.on('plotly_relayout', params.func);\n    }\n}\n",
			"type": "system"
		}],
		"items": [{
			"id": null,
			"title": "LIPS Height",
			"type": ["line"],
			"x_axis": "lot_id",
			"x_range_max": null,
			"x_range_min": null,
			"y_axis": ["LIPS Height AVE"],
			"y_range_max": null,
			"y_range_min": null,
			"z_axis": null,
			"z_range_max": null,
			"z_range_min": null
		}, {
			"id": null,
			"title": "MASK BEND Height",
			"type": ["line"],
			"x_axis": "lot_id",
			"x_range_max": null,
			"x_range_min": null,
			"y_axis": ["MASK BEND Height AVE"],
			"y_range_max": null,
			"y_range_min": null,
			"z_axis": null,
			"z_range_max": null,
			"z_range_min": null
		}, {
			"id": null,
			"title": "MASK BEND Pitching",
			"type": ["line"],
			"x_axis": "lot_id",
			"x_range_max": null,
			"x_range_min": null,
			"y_axis": ["MASK BEND Pitching AVE"],
			"y_range_max": null,
			"y_range_min": null,
			"z_axis": null,
			"z_range_max": null,
			"z_range_min": null
		}, {
			"id": null,
			"title": "MASK BEND Rolling",
			"type": ["line"],
			"x_axis": "lot_id",
			"x_range_max": null,
			"x_range_min": null,
			"y_axis": ["MASK BEND Rolling AVE"],
			"y_range_max": null,
			"y_range_min": null,
			"z_axis": null,
			"z_range_max": null,
			"z_range_min": null
		}, {
			"id": null,
			"title": "Chuck Posture Height",
			"type": ["line"],
			"x_axis": "lot_id",
			"x_range_max": null,
			"x_range_min": null,
			"y_axis": ["Chuck Posture Height AVE"],
			"y_range_max": null,
			"y_range_min": null,
			"z_axis": null,
			"z_range_max": null,
			"z_range_min": null
		}, {
			"id": null,
			"title": "Chuck Posture Pitching",
			"type": ["line"],
			"x_axis": "lot_id",
			"x_range_max": null,
			"x_range_min": null,
			"y_axis": ["Chuck Posture Pitching AVE"],
			"y_range_max": null,
			"y_range_min": null,
			"z_axis": null,
			"z_range_max": null,
			"z_range_min": null
		}, {
			"id": null,
			"title": "Chuck Posture Rolling",
			"type": ["line"],
			"x_axis": "lot_id",
			"x_range_max": null,
			"x_range_min": null,
			"y_axis": ["Chuck Posture Rolling AVE"],
			"y_range_max": null,
			"y_range_min": null,
			"z_axis": null,
			"z_range_max": null,
			"z_range_min": null
		}, {
			"id": null,
			"title": "Stage Pos. Height",
			"type": ["line"],
			"x_axis": "lot_id",
			"x_range_max": null,
			"x_range_min": null,
			"y_axis": ["Stage Pos. Height AVE"],
			"y_range_max": null,
			"y_range_min": null,
			"z_axis": null,
			"z_range_max": null,
			"z_range_min": null
		}, {
			"id": null,
			"title": "Stage Pos. Pitching",
			"type": ["line"],
			"x_axis": "lot_id",
			"x_range_max": null,
			"x_range_min": null,
			"y_axis": ["Stage Pos. Pitching AVE"],
			"y_range_max": null,
			"y_range_min": null,
			"z_axis": null,
			"z_range_max": null,
			"z_range_min": null
		}, {
			"id": null,
			"title": "Stage Pos. Rolling",
			"type": ["line"],
			"x_axis": "lot_id",
			"x_range_max": null,
			"x_range_min": null,
			"y_axis": ["Stage Pos. Rolling AVE"],
			"y_range_max": null,
			"y_range_min": null,
			"z_axis": null,
			"z_range_max": null,
			"z_range_min": null
		}, {
			"id": null,
			"title": "Stage Pos. Z1",
			"type": ["line"],
			"x_axis": "lot_id",
			"x_range_max": null,
			"x_range_min": null,
			"y_axis": ["Stage Pos. Z1 AVE"],
			"y_range_max": null,
			"y_range_min": null,
			"z_axis": null,
			"z_range_max": null,
			"z_range_min": null
		}, {
			"id": null,
			"title": "Stage Pos. Z2",
			"type": ["line"],
			"x_axis": "lot_id",
			"x_range_max": null,
			"x_range_min": null,
			"y_axis": ["Stage Pos. Z2 AVE"],
			"y_range_max": null,
			"y_range_min": null,
			"z_axis": null,
			"z_range_max": null,
			"z_range_min": null
		}, {
			"id": null,
			"title": "Stage Pos. Z3",
			"type": ["line"],
			"x_axis": "lot_id",
			"x_range_max": null,
			"x_range_min": null,
			"y_axis": ["Stage Pos. Z3 AVE"],
			"y_range_max": null,
			"y_range_min": null,
			"z_axis": null,
			"z_range_max": null,
			"z_range_min": null
		}, {
			"id": null,
			"title": "Stage Pos. Z4",
			"type": ["line"],
			"x_axis": "lot_id",
			"x_range_max": null,
			"x_range_min": null,
			"y_axis": ["Stage Pos. Z4 AVE"],
			"y_range_max": null,
			"y_range_min": null,
			"z_axis": null,
			"z_range_max": null,
			"z_range_min": null
		}]
	}
}, {
	"analysis": {
		"script": {
			"db_id": null,
			"file_name": null,
			"script": null,
			"sql": null,
			"use_script": false
		},
		"setting": {
			"aggregation_default": {
				"type": "column",
				"val": "lot_id"
			},
			"filter_default": [{
				"key": "device",
				"val": []
			}, {
				"key": "process",
				"val": []
			}, {
				"key": "step_no",
				"val": []
			}],
			"items": [{
				"disp_order": 1,
				"group_analysis": "nunique",
				"group_analysis_type": "sequential",
				"source_col": "plate_no",
				"title": "Plate Num",
				"total_analysis": "",
				"total_analysis_type": ""
			}, {
				"disp_order": 2,
				"group_analysis": "ave",
				"group_analysis_type": "ave",
				"source_col": "expo_start_pos_psy",
				"title": "Expo. Start PSY AVE",
				"total_analysis": "abs.max",
				"total_analysis_type": "sequential"
			}, {
				"disp_order": 3,
				"group_analysis": "ave",
				"group_analysis_type": "ave",
				"source_col": "expo_start_pos_psz",
				"title": "Expo. Start PSZ AVE",
				"total_analysis": "abs.max",
				"total_analysis_type": "sequential"
			}, {
				"disp_order": 4,
				"group_analysis": "ave",
				"group_analysis_type": "ave",
				"source_col": "expo_start_pos_psr",
				"title": "Expo. Start PS Roll AVE",
				"total_analysis": "abs.max",
				"total_analysis_type": "sequential"
			}, {
				"disp_order": 5,
				"group_analysis": "ave",
				"group_analysis_type": "ave",
				"source_col": "expo_start_pos_psp",
				"title": "Expo. Start PS Pitch AVE",
				"total_analysis": "abs.max",
				"total_analysis_type": "sequential"
			}, {
				"disp_order": 6,
				"group_analysis": "3sigma",
				"group_analysis_type": "3sigma",
				"source_col": "expo_start_pos_psz",
				"title": "Expo. Start PSZ 3sigma",
				"total_analysis": "max",
				"total_analysis_type": "max"
			}, {
				"disp_order": 7,
				"group_analysis": "3sigma",
				"group_analysis_type": "3sigma",
				"source_col": "expo_start_pos_psr",
				"title": "Expo. Start PS Roll 3sigma",
				"total_analysis": "max",
				"total_analysis_type": "max"
			}, {
				"disp_order": 8,
				"group_analysis": "3sigma",
				"group_analysis_type": "3sigma",
				"source_col": "expo_start_pos_psp",
				"title": "Expo. Start PS Pitch 3sigma",
				"total_analysis": "max",
				"total_analysis_type": "max"
			}, {
				"disp_order": 9,
				"group_analysis": "ave",
				"group_analysis_type": "ave",
				"source_col": "expo_end_pos_psy",
				"title": "Expo. End PSY AVE",
				"total_analysis": "abs.max",
				"total_analysis_type": "sequential"
			}, {
				"disp_order": 10,
				"group_analysis": "ave",
				"group_analysis_type": "ave",
				"source_col": "expo_end_pos_psz",
				"title": "Expo. End PSZ AVE",
				"total_analysis": "abs.max",
				"total_analysis_type": "sequential"
			}, {
				"disp_order": 11,
				"group_analysis": "ave",
				"group_analysis_type": "ave",
				"source_col": "expo_end_pos_psr",
				"title": "Expo. End PS Roll AVE",
				"total_analysis": "abs.max",
				"total_analysis_type": "sequential"
			}, {
				"disp_order": 12,
				"group_analysis": "ave",
				"group_analysis_type": "ave",
				"source_col": "expo_end_pos_psp",
				"title": "Expo. End PS Pitch AVE",
				"total_analysis": "abs.max",
				"total_analysis_type": "sequential"
			}, {
				"disp_order": 13,
				"group_analysis": "3sigma",
				"group_analysis_type": "3sigma",
				"source_col": "expo_end_pos_psz",
				"title": "Expo. End PSZ 3sigma",
				"total_analysis": "max",
				"total_analysis_type": "max"
			}, {
				"disp_order": 14,
				"group_analysis": "3sigma",
				"group_analysis_type": "3sigma",
				"source_col": "expo_end_pos_psr",
				"title": "Expo. End PS Roll 3sigma",
				"total_analysis": "max",
				"total_analysis_type": "max"
			}, {
				"disp_order": 15,
				"group_analysis": "3sigma",
				"group_analysis_type": "3sigma",
				"source_col": "expo_end_pos_psp",
				"title": "Expo. End PS Pitch 3sigma",
				"total_analysis": "max",
				"total_analysis_type": "max"
			}, {
				"disp_order": 16,
				"group_analysis": "ave",
				"group_analysis_type": "ave",
				"source_col": "psz_comp_start_pos1_psy",
				"title": "PSZ Pos1 PSY AVE",
				"total_analysis": "abs.max",
				"total_analysis_type": "sequential"
			}, {
				"disp_order": 17,
				"group_analysis": "ave",
				"group_analysis_type": "ave",
				"source_col": "psz_comp_start_pos1_psz",
				"title": "PSZ Pos1 PSZ AVE",
				"total_analysis": "abs.max",
				"total_analysis_type": "sequential"
			}, {
				"disp_order": 18,
				"group_analysis": "ave",
				"group_analysis_type": "ave",
				"source_col": "psr_comp_start_pos1_psr",
				"title": "PSZ Pos1 PS Roll AVE",
				"total_analysis": "abs.max",
				"total_analysis_type": "sequential"
			}, {
				"disp_order": 19,
				"group_analysis": "ave",
				"group_analysis_type": "ave",
				"source_col": "psp_comp_start_pos1_psp",
				"title": "PSZ Pos1 PS Pitch AVE",
				"total_analysis": "abs.max",
				"total_analysis_type": "sequential"
			}, {
				"disp_order": 20,
				"group_analysis": "3sigma",
				"group_analysis_type": "3sigma",
				"source_col": "psz_comp_start_pos1_psz",
				"title": "PSZ Pos1 PSZ 3sigma",
				"total_analysis": "max",
				"total_analysis_type": "max"
			}, {
				"disp_order": 21,
				"group_analysis": "3sigma",
				"group_analysis_type": "3sigma",
				"source_col": "psr_comp_start_pos1_psr",
				"title": "PSZ Pos1 PS Roll 3sigma",
				"total_analysis": "max",
				"total_analysis_type": "max"
			}, {
				"disp_order": 22,
				"group_analysis": "3sigma",
				"group_analysis_type": "3sigma",
				"source_col": "psp_comp_start_pos1_psp",
				"title": "PSZ Pos1 PS Pitch 3sigma",
				"total_analysis": "max",
				"total_analysis_type": "max"
			}, {
				"disp_order": 23,
				"group_analysis": "ave",
				"group_analysis_type": "ave",
				"source_col": "psz_comp_start_pos2_psy",
				"title": "PSZ Pos2 PSY AVE",
				"total_analysis": "abs.max",
				"total_analysis_type": "sequential"
			}, {
				"disp_order": 24,
				"group_analysis": "ave",
				"group_analysis_type": "ave",
				"source_col": "psz_comp_start_pos2_psz",
				"title": "PSZ Pos2 PSZ AVE",
				"total_analysis": "abs.max",
				"total_analysis_type": "sequential"
			}, {
				"disp_order": 25,
				"group_analysis": "ave",
				"group_analysis_type": "ave",
				"source_col": "psr_comp_start_pos2_psr",
				"title": "PSZ Pos2 PS Roll AVE",
				"total_analysis": "abs.max",
				"total_analysis_type": "sequential"
			}, {
				"disp_order": 26,
				"group_analysis": "ave",
				"group_analysis_type": "ave",
				"source_col": "psp_comp_start_pos2_psp",
				"title": "PSZ Pos2 PS Pitch AVE",
				"total_analysis": "abs.max",
				"total_analysis_type": "sequential"
			}, {
				"disp_order": 27,
				"group_analysis": "3sigma",
				"group_analysis_type": "3sigma",
				"source_col": "psz_comp_start_pos2_psz",
				"title": "PSZ Pos2 PSZ 3sigma",
				"total_analysis": "max",
				"total_analysis_type": "max"
			}, {
				"disp_order": 28,
				"group_analysis": "3sigma",
				"group_analysis_type": "3sigma",
				"source_col": "psr_comp_start_pos2_psr",
				"title": "PSZ Pos2 PS Roll 3sigma",
				"total_analysis": "max",
				"total_analysis_type": "max"
			}, {
				"disp_order": 29,
				"group_analysis": "3sigma",
				"group_analysis_type": "3sigma",
				"source_col": "psp_comp_start_pos2_psp",
				"title": "PSZ Pos2 PS Pitch 3sigma",
				"total_analysis": "max",
				"total_analysis_type": "max"
			}, {
				"disp_order": 30,
				"group_analysis": "ave",
				"group_analysis_type": "ave",
				"source_col": "psz_maxdiff_psy",
				"title": "PSZ Max Diff. PSY AVE",
				"total_analysis": "abs.max",
				"total_analysis_type": "sequential"
			}, {
				"disp_order": 31,
				"group_analysis": "3sigma",
				"group_analysis_type": "3sigma",
				"source_col": "psz_maxdiff_psy",
				"title": "PSZ Max Diff. PSY 3sigma",
				"total_analysis": "max",
				"total_analysis_type": "max"
			}, {
				"disp_order": 32,
				"group_analysis": "ave",
				"group_analysis_type": "ave",
				"source_col": "psz_maxdiff_psz",
				"title": "PSZ Max Diff. PSZ AVE",
				"total_analysis": "abs.max",
				"total_analysis_type": "sequential"
			}, {
				"disp_order": 33,
				"group_analysis": "3sigma",
				"group_analysis_type": "3sigma",
				"source_col": "psz_maxdiff_psz",
				"title": "PSZ Max Diff. PSZ 3sigma",
				"total_analysis": "max",
				"total_analysis_type": "max"
			}, {
				"disp_order": 34,
				"group_analysis": "ave",
				"group_analysis_type": "ave",
				"source_col": "psr_maxdiff_psy",
				"title": "PS Roll Max Diff. PSY AVE",
				"total_analysis": "abs.max",
				"total_analysis_type": "sequential"
			}, {
				"disp_order": 35,
				"group_analysis": "3sigma",
				"group_analysis_type": "3sigma",
				"source_col": "psr_maxdiff_psy",
				"title": "PS Roll Max Diff. PSY 3sigma",
				"total_analysis": "max",
				"total_analysis_type": "max"
			}, {
				"disp_order": 36,
				"group_analysis": "ave",
				"group_analysis_type": "ave",
				"source_col": "psr_maxdiff_psr",
				"title": "PS Roll Max Diff. PS Roll AVE",
				"total_analysis": "abs.max",
				"total_analysis_type": "sequential"
			}, {
				"disp_order": 37,
				"group_analysis": "3sigma",
				"group_analysis_type": "3sigma",
				"source_col": "psr_maxdiff_psr",
				"title": "PS Roll Max Diff. PS Roll 3sigma",
				"total_analysis": "max",
				"total_analysis_type": "max"
			}, {
				"disp_order": 38,
				"group_analysis": "ave",
				"group_analysis_type": "ave",
				"source_col": "psp_maxdiff_psy",
				"title": "PS Pitch Max Diff. PSY AVE",
				"total_analysis": "abs.max",
				"total_analysis_type": "sequential"
			}, {
				"disp_order": 39,
				"group_analysis": "3sigma",
				"group_analysis_type": "3sigma",
				"source_col": "psp_maxdiff_psy",
				"title": "PS Pitch Max Diff. PSY 3sigma",
				"total_analysis": "max",
				"total_analysis_type": "max"
			}, {
				"disp_order": 40,
				"group_analysis": "ave",
				"group_analysis_type": "ave",
				"source_col": "psp_maxdiff_psp",
				"title": "PS Pitch Max Diff. PS Pitch AVE",
				"total_analysis": "abs.max",
				"total_analysis_type": "sequential"
			}, {
				"disp_order": 41,
				"group_analysis": "3sigma",
				"group_analysis_type": "3sigma",
				"source_col": "psp_maxdiff_psp",
				"title": "PS Pitch Max Diff. PS Pitch 3sigma",
				"total_analysis": "max",
				"total_analysis_type": "max"
			}]
		},
		"type": "setting"
	},
	"category": {
		"title": "Focus"
	},
	"convert": {
		"script": {
			"file_name": "convert_pre_scan_compensation_monitor.py",
			"script": "from resource.script.convert_base import ConvertBase\n\nimport pandas as pd\n\n\nclass ConvertScript(ConvertBase):\n    \"\"\"\n    .. class:: ConvertScript\n\n        This class is for converting input file by user script.\n    \"\"\"\n    def __init__(self, **kwargs):\n        super().__init__(**kwargs)\n\n    def run(self) -> pd.DataFrame:\n        \"\"\"\n        This method will be called by sub process(convert process). Fix this method as you want.\n\n        :return: DataFrame\n        \"\"\"\n        df = self.execute_system_converter()\n\n        filename = self.get_input_log_file_name()\n        if 'lot_id' in df.columns:\n            lot_id_list = df['lot_id'].dropna().unique()\n            if len(lot_id_list) > 0:\n                if df['lot_id'].isnull().values[0]:\n                    # example: [None, None, LOTID1, None, ...] -> [LOTID1, LOTID1, LOTID1, None, ...]\n                    first_idx = df[df['lot_id'] == lot_id_list[0]].index.tolist()[0]\n                    for idx in range(0, first_idx):\n                        df.at[idx, 'lot_id'] = lot_id_list[0]\n                \n                null_list = df['lot_id'].isnull().values.tolist()\n                filled_lot_id = df['lot_id'].values[0] \n                for i in range(1, len(null_list)):\n                    if null_list[i]:\n                        df.at[i, 'lot_id'] = filled_lot_id\n                    else:\n                        filled_lot_id = df['lot_id'].values[i]\n            else:\n                df['lot_id'] = filename\n\n        return df\n",
			"use_script": true
		}
	},
	"func": {
		"info": {
			"log_name": "PRESCANCOMPENSATIONMONITOR"
		},
		"script": {
			"file_name": null,
			"script": null,
			"use_script": false
		},
		"source_type": "local",
		"system_func": true,
		"title": "PRESCANCOMPENSATIONMONITOR"
	},
	"visualization": {
		"function_graph_type": [{
			"id": null,
			"name": "default",
			"script": "function renderGraph(Plotly, element, params) {\n    let tmpGraphProp = {};\n\n    const createPropData = (obj, type, params) => {\n        let tmpRange = {},\n            tmpDensityRange = {},\n            tmpData = [];\n\n        if (params.range.x.length > 0) {\n            tmpRange['xaxis'] = {\n                range: params.range.x,\n            };\n        }\n\n        if (params.range.y.length > 0) {\n            tmpRange['yaxis'] = {\n                range: params.range.y,\n            };\n        }\n\n        switch (type.toLowerCase()) {\n            case 'bar':\n            default:\n                Object.keys(params.y).reduce((acc, v) => {\n                    acc.push({\n                        x: params.x[v],\n                        y: params.y[v],\n                        type: 'bar',\n                        name: v,\n                    });\n\t\t                return acc;\n                }, tmpData);\n                if (Object.keys(obj).length === 0) {\n                    obj = {\n                        data: tmpData,\n                        layout: {\n                            title: params.title,\n                            font: {\n                                family: \"Saira, 'Nunito Sans'\",\n                            },\n                            ...tmpRange,\n                        },\n                    };\n                } else {\n                    obj = {\n                        ...obj,\n                        data: obj.data.concat(tmpData),\n                    };\n                }\n                break;\n\n            case 'line':\n                Object.keys(params.y).reduce((acc, v) => {\n                    acc.push({\n                        x: params.x[v],\n                        y: params.y[v],\n                        type: 'scatter',\n                        name: v,\n                    });\n                    return acc;\n                }, tmpData);\n                if (Object.keys(obj).length === 0) {\n                    obj = {\n                        data: tmpData,\n                        layout: {\n                            title: params.title,\n                            font: {\n                                family: \"Saira, 'Nunito Sans'\",\n                            },\n                            ...tmpRange,\n                        },\n                    };\n                } else {\n                    obj = {\n                        ...obj,\n                        data: obj.data.concat(tmpData),\n                    };\n                }\n                break;\n\n            case 'box plot':\n                Object.keys(params.y).reduce((acc, v) => {\n                    acc.push({\n                        y: params.y[v],\n                        type: 'box',\n                        name: v,\n                    });\n\t\t                return acc;\n                }, tmpData);\n                if (Object.keys(obj).length === 0) {\n                    obj = {\n                        data: tmpData,\n                        layout: {\n                            title: params.title,\n                            font: {\n                                family: \"Saira, 'Nunito Sans'\",\n                            },\n                            ...tmpRange,\n                        },\n                    };\n                } else {\n                    obj = {\n                        ...obj,\n                        data: obj.data.concat(tmpData),\n                    };\n                }\n                break;\n\n            case 'density plot':\n                Object.keys(params.y).reduce((acc, v) => {\n                    acc.push(\n                        {\n                            x: params.x[v],\n                            y: params.y[v],\n                            mode: 'markers',\n                            name: v,\n                            marker: {\n                                color: 'rgb(245,245,245)',\n                                size: 1.5,\n                                opacity: 0.7,\n                            },\n                            type: 'scatter',\n                        },\n                        {\n                            x: params.x[v],\n                            y: params.y[v],\n                            name: v,\n                            ncontours: 20,\n                            colorscale: 'Blues',\n                            reversescale: true,\n                            showscale: false,\n                            type: 'histogram2dcontour',\n                        },\n                    );\n\t\t                return acc;\n                }, tmpData);\n\t\t\t\t\n                if (params.range.x.length > 0) {\n                    tmpDensityRange['xaxis'] = {\n                        showgrid: false,\n                        zeroline: false,\n                        range: params.range.x,\n                    };\n                }\n\n                if (params.range.y.length > 0) {\n                    tmpDensityRange['yaxis'] = {\n                        showgrid: false,\n                        zeroline: false,\n                        range: params.range.y,\n                    };\n                }\n\n                if (Object.keys(obj).length === 0) {\n                    obj = {\n                        data: tmpData,\n                        layout: {\n                            title: params.title,\n                            font: {\n                                family: \"Saira, 'Nunito Sans'\",\n                            },\n                            showlegend: false,\n                            hovermode: 'closest',\n                            bargap: 0,\n                            ...tmpDensityRange,\n                        },\n                    };\n                } else {\n                    obj = {\n                        ...obj,\n                        data: obj.data.concat(tmpData),\n                    };\n                }\n                break;\n\n            case 'bubble chart':\n                Object.keys(params.y).reduce((acc, v) => {\n                    acc.push({\n                        x: params.x[v],\n                        y: params.y[v],\n                        mode: 'markers',\n                        name: v,\n                        marker: {\n                            color: 'rgb(93, 164, 214)',\n                            size: params.z,\n                        },\n                    });\n\t\t                return acc;\n                }, tmpData);\n                if (Object.keys(obj).length === 0) {\n                    obj = {\n                        data: tmpData,\n                        layout: {\n                            title: params.title,\n                            font: {\n                                family: \"Saira, 'Nunito Sans'\",\n                            },\n                            ...tmpRange,\n                        },\n                    };\n                } else {\n                    obj = {\n                        ...obj,\n                        data: obj.data.concat(tmpData),\n                    };\n                }\n                break;\n        }\n        return obj;\n    };\n\n    params.type.forEach((v) => {\n        tmpGraphProp = createPropData(tmpGraphProp, v, params);\n    });\n\n    Plotly.newPlot(element, tmpGraphProp.data, tmpGraphProp.layout);\n\n    if (params.func) {\n        element.on('plotly_relayout', params.func);\n    }\n}\n",
			"type": "system"
		}, {
			"id": null,
			"name": "x_y_pair",
			"script": "function renderGraph(Plotly, element, params) {\n  let tmpData = [];\n  let key_list = Object.keys(params.y);\n\n  for (let cnt = 0; cnt < Object.values(params.x)[0].length; cnt++) {\n    let x = [];\n    let y = [];\n    for (var order = 0; order < key_list.length; order++) {\n      if(order % 2 == 0){\n        x.push(params.y[key_list[order]][cnt]);\n      } else {\n        y.push(params.y[key_list[order]][cnt]);\n      }\n    }\n\n    let tmp_arr = [];\n    for (let i = 0; i < x.length; i++) {\n      tmp_arr.push({ x: x[i], y: y[i] });\n    }\n\n    tmp_arr.sort(function (a, b) {\n      return a.x - b.x;\n    });\n\n    x = [];\n    y = [];\n    for (let j = 0; j < tmp_arr.length; j++) {\n      x.push(tmp_arr[j].x);\n      y.push(tmp_arr[j].y);\n    }\n\n    tmpData.push({\n      x: x,\n      y: y,\n      type: 'scatter',\n      name: Object.values(params.x)[0][cnt],\n    });\n  }\n\n  let figure = tmpData;\n  let layout = {\n    title: params.title,\n    showlegend: true,\n    xaxis: {\n      range: params.range.x,\n    },\n    yaxis: {\n      range: params.range.y,\n    },\n    zaxis: {\n      range: params.range.z,\n    },\n  };\n\n  Plotly.newPlot(element, figure, layout);\n\n  if (params.func) {\n    element.on('plotly_relayout', params.func);\n  }\n}\n",
			"type": "user"
		}],
		"items": [{
			"id": null,
			"title": "PSZ",
			"type": ["x_y_pair"],
			"x_axis": "lot_id",
			"x_range_max": null,
			"x_range_min": null,
			"y_axis": ["Expo. Start PSY AVE", "Expo. Start PSZ AVE", "Expo. End PSY AVE", "Expo. End PSZ AVE", "PSZ Pos1 PSY AVE", "PSZ Pos1 PSZ AVE", "PSZ Pos2 PSY AVE", "PSZ Pos2 PSZ AVE"],
			"y_range_max": null,
			"y_range_min": null,
			"z_axis": null,
			"z_range_max": null,
			"z_range_min": null
		}, {
			"id": null,
			"title": "PS Roll",
			"type": ["x_y_pair"],
			"x_axis": "lot_id",
			"x_range_max": null,
			"x_range_min": null,
			"y_axis": ["Expo. Start PSY AVE", "Expo. Start PS Roll AVE", "Expo. End PSY AVE", "Expo. End PS Roll AVE", "PSZ Pos1 PSY AVE", "PSZ Pos1 PS Roll AVE", "PSZ Pos2 PSY AVE", "PSZ Pos2 PS Roll AVE"],
			"y_range_max": null,
			"y_range_min": null,
			"z_axis": null,
			"z_range_max": null,
			"z_range_min": null
		}, {
			"id": null,
			"title": "PS Pitch",
			"type": ["x_y_pair"],
			"x_axis": "lot_id",
			"x_range_max": null,
			"x_range_min": null,
			"y_axis": ["Expo. Start PSY AVE", "Expo. Start PS Pitch AVE", "Expo. End PSY AVE", "Expo. End PS Pitch AVE", "PSZ Pos1 PSY AVE", "PSZ Pos1 PS Pitch AVE", "PSZ Pos2 PSY AVE", "PSZ Pos2 PS Pitch AVE"],
			"y_range_max": null,
			"y_range_min": null,
			"z_axis": null,
			"z_range_max": null,
			"z_range_min": null
		}, {
			"id": null,
			"title": "PSZ Max Diff",
			"type": ["line"],
			"x_axis": "lot_id",
			"x_range_max": null,
			"x_range_min": null,
			"y_axis": ["PSZ Max Diff. PSY AVE", "PSZ Max Diff. PSZ AVE"],
			"y_range_max": null,
			"y_range_min": null,
			"z_axis": null,
			"z_range_max": null,
			"z_range_min": null
		}, {
			"id": null,
			"title": "PS Roll Max Diff",
			"type": ["line"],
			"x_axis": "lot_id",
			"x_range_max": null,
			"x_range_min": null,
			"y_axis": ["PS Roll Max Diff. PSY AVE", "PS Roll Max Diff. PS Roll AVE"],
			"y_range_max": null,
			"y_range_min": null,
			"z_axis": null,
			"z_range_max": null,
			"z_range_min": null
		}, {
			"id": null,
			"title": "PS Pitch Max Diff",
			"type": ["line"],
			"x_axis": "lot_id",
			"x_range_max": null,
			"x_range_min": null,
			"y_axis": ["PS Pitch Max Diff. PSY AVE", "PS Pitch Max Diff. PS Pitch AVE"],
			"y_range_max": null,
			"y_range_min": null,
			"z_axis": null,
			"z_range_max": null,
			"z_range_min": null
		}]
	}
}, {
	"analysis": {
		"script": {
			"db_id": null,
			"file_name": null,
			"script": null,
			"sql": null,
			"use_script": false
		},
		"setting": {
			"aggregation_default": {
				"type": "period",
				"val": "4h"
			},
			"filter_default": [],
			"items": [{
				"disp_order": 1,
				"group_analysis": "delta.abs.max",
				"group_analysis_type": "sequential",
				"source_col": "bl",
				"title": "Z Sensor Meas. BL Delta Max",
				"total_analysis": "",
				"total_analysis_type": ""
			}, {
				"disp_order": 2,
				"group_analysis": "delta.abs.max",
				"group_analysis_type": "sequential",
				"source_col": "bc",
				"title": "Z Sensor Meas. BC Delta Max",
				"total_analysis": "",
				"total_analysis_type": ""
			}, {
				"disp_order": 3,
				"group_analysis": "delta.abs.max",
				"group_analysis_type": "sequential",
				"source_col": "br",
				"title": "Z Sensor Meas. BR Delta Max",
				"total_analysis": "",
				"total_analysis_type": ""
			}, {
				"disp_order": 4,
				"group_analysis": "delta.abs.max",
				"group_analysis_type": "sequential",
				"source_col": "fl",
				"title": "Z Sensor Meas. FL Delta Max",
				"total_analysis": "",
				"total_analysis_type": ""
			}, {
				"disp_order": 5,
				"group_analysis": "delta.abs.max",
				"group_analysis_type": "sequential",
				"source_col": "fc",
				"title": "Z Sensor Meas. FC Delta Max",
				"total_analysis": "",
				"total_analysis_type": ""
			}, {
				"disp_order": 6,
				"group_analysis": "delta.abs.max",
				"group_analysis_type": "sequential",
				"source_col": "fr",
				"title": "Z Sensor Meas. FR Delta Max",
				"total_analysis": "",
				"total_analysis_type": ""
			}, {
				"disp_order": 7,
				"group_analysis": "ave",
				"group_analysis_type": "ave",
				"source_col": "left_vt",
				"title": "L V_T AVE",
				"total_analysis": "",
				"total_analysis_type": ""
			}, {
				"disp_order": 8,
				"group_analysis": "delta.abs.max",
				"group_analysis_type": "sequential",
				"source_col": "left_vt",
				"title": "L V_T Delta Max",
				"total_analysis": "",
				"total_analysis_type": ""
			}, {
				"disp_order": 9,
				"group_analysis": "ave",
				"group_analysis_type": "ave",
				"source_col": "left_hs",
				"title": "L H_S AVE",
				"total_analysis": "",
				"total_analysis_type": ""
			}, {
				"disp_order": 10,
				"group_analysis": "delta.abs.max",
				"group_analysis_type": "sequential",
				"source_col": "left_hs",
				"title": "L H_S Delta Max",
				"total_analysis": "",
				"total_analysis_type": ""
			}, {
				"disp_order": 11,
				"group_analysis": "ave",
				"group_analysis_type": "ave",
				"source_col": "center_vt",
				"title": "C V_T AVE",
				"total_analysis": "",
				"total_analysis_type": ""
			}, {
				"disp_order": 12,
				"group_analysis": "delta.abs.max",
				"group_analysis_type": "sequential",
				"source_col": "center_vt",
				"title": "C V_T Delta Max",
				"total_analysis": "",
				"total_analysis_type": ""
			}, {
				"disp_order": 13,
				"group_analysis": "ave",
				"group_analysis_type": "ave",
				"source_col": "center_hs",
				"title": "C H_S AVE",
				"total_analysis": "",
				"total_analysis_type": ""
			}, {
				"disp_order": 14,
				"group_analysis": "delta.abs.max",
				"group_analysis_type": "sequential",
				"source_col": "center_hs",
				"title": "C H_S Delta Max",
				"total_analysis": "",
				"total_analysis_type": ""
			}, {
				"disp_order": 15,
				"group_analysis": "ave",
				"group_analysis_type": "ave",
				"source_col": "right_vt",
				"title": "R V_T AVE",
				"total_analysis": "",
				"total_analysis_type": ""
			}, {
				"disp_order": 16,
				"group_analysis": "delta.abs.max",
				"group_analysis_type": "sequential",
				"source_col": "right_vt",
				"title": "R V_T Delta Max",
				"total_analysis": "",
				"total_analysis_type": ""
			}, {
				"disp_order": 17,
				"group_analysis": "ave",
				"group_analysis_type": "ave",
				"source_col": "right_hs",
				"title": "R H_S AVE",
				"total_analysis": "",
				"total_analysis_type": ""
			}, {
				"disp_order": 18,
				"group_analysis": "delta.abs.max",
				"group_analysis_type": "sequential",
				"source_col": "right_hs",
				"title": "R H_S Delta Max",
				"total_analysis": "",
				"total_analysis_type": ""
			}, {
				"disp_order": 19,
				"group_analysis": "ave",
				"group_analysis_type": "ave",
				"source_col": "z",
				"title": "Z AVE",
				"total_analysis": "",
				"total_analysis_type": ""
			}, {
				"disp_order": 20,
				"group_analysis": "delta.abs.max",
				"group_analysis_type": "sequential",
				"source_col": "z",
				"title": "Z Delta Max",
				"total_analysis": "",
				"total_analysis_type": ""
			}, {
				"disp_order": 21,
				"group_analysis": "ave",
				"group_analysis_type": "ave",
				"source_col": "pitch",
				"title": "Pitch AVE",
				"total_analysis": "",
				"total_analysis_type": ""
			}, {
				"disp_order": 22,
				"group_analysis": "delta.abs.max",
				"group_analysis_type": "sequential",
				"source_col": "pitch",
				"title": "Pitch Delta Max",
				"total_analysis": "",
				"total_analysis_type": ""
			}, {
				"disp_order": 23,
				"group_analysis": "ave",
				"group_analysis_type": "ave",
				"source_col": "roll",
				"title": "Roll AVE",
				"total_analysis": "",
				"total_analysis_type": ""
			}, {
				"disp_order": 24,
				"group_analysis": "delta.abs.max",
				"group_analysis_type": "sequential",
				"source_col": "roll",
				"title": "Roll Delta Max",
				"total_analysis": "",
				"total_analysis_type": ""
			}]
		},
		"type": "setting"
	},
	"category": {
		"title": "Focus"
	},
	"convert": {
		"script": {
			"file_name": null,
			"script": null,
			"use_script": false
		}
	},
	"func": {
		"info": {
			"log_name": "LiPSFocus"
		},
		"script": {
			"file_name": null,
			"script": null,
			"use_script": false
		},
		"source_type": "local",
		"system_func": true,
		"title": "LiPSFocus"
	},
	"visualization": {
		"function_graph_type": [{
			"id": null,
			"name": "default",
			"script": "function renderGraph(Plotly, element, params) {\n    let tmpGraphProp = {};\n\n    const createPropData = (obj, type, params) => {\n        let tmpRange = {},\n            tmpDensityRange = {},\n            tmpData = [];\n\n        if (params.range.x.length > 0) {\n            tmpRange['xaxis'] = {\n                range: params.range.x,\n            };\n        }\n\n        if (params.range.y.length > 0) {\n            tmpRange['yaxis'] = {\n                range: params.range.y,\n            };\n        }\n\n        switch (type.toLowerCase()) {\n            case 'bar':\n            default:\n                Object.keys(params.y).reduce((acc, v) => {\n                    acc.push({\n                        x: params.x[v],\n                        y: params.y[v],\n                        type: 'bar',\n                        name: v,\n                    });\n\t\t                return acc;\n                }, tmpData);\n                if (Object.keys(obj).length === 0) {\n                    obj = {\n                        data: tmpData,\n                        layout: {\n                            title: params.title,\n                            font: {\n                                family: \"Saira, 'Nunito Sans'\",\n                            },\n                            ...tmpRange,\n                        },\n                    };\n                } else {\n                    obj = {\n                        ...obj,\n                        data: obj.data.concat(tmpData),\n                    };\n                }\n                break;\n\n            case 'line':\n                Object.keys(params.y).reduce((acc, v) => {\n                    acc.push({\n                        x: params.x[v],\n                        y: params.y[v],\n                        type: 'scatter',\n                        name: v,\n                    });\n                    return acc;\n                }, tmpData);\n                if (Object.keys(obj).length === 0) {\n                    obj = {\n                        data: tmpData,\n                        layout: {\n                            title: params.title,\n                            font: {\n                                family: \"Saira, 'Nunito Sans'\",\n                            },\n                            ...tmpRange,\n                        },\n                    };\n                } else {\n                    obj = {\n                        ...obj,\n                        data: obj.data.concat(tmpData),\n                    };\n                }\n                break;\n\n            case 'box plot':\n                Object.keys(params.y).reduce((acc, v) => {\n                    acc.push({\n                        y: params.y[v],\n                        type: 'box',\n                        name: v,\n                    });\n\t\t                return acc;\n                }, tmpData);\n                if (Object.keys(obj).length === 0) {\n                    obj = {\n                        data: tmpData,\n                        layout: {\n                            title: params.title,\n                            font: {\n                                family: \"Saira, 'Nunito Sans'\",\n                            },\n                            ...tmpRange,\n                        },\n                    };\n                } else {\n                    obj = {\n                        ...obj,\n                        data: obj.data.concat(tmpData),\n                    };\n                }\n                break;\n\n            case 'density plot':\n                Object.keys(params.y).reduce((acc, v) => {\n                    acc.push(\n                        {\n                            x: params.x[v],\n                            y: params.y[v],\n                            mode: 'markers',\n                            name: v,\n                            marker: {\n                                color: 'rgb(245,245,245)',\n                                size: 1.5,\n                                opacity: 0.7,\n                            },\n                            type: 'scatter',\n                        },\n                        {\n                            x: params.x[v],\n                            y: params.y[v],\n                            name: v,\n                            ncontours: 20,\n                            colorscale: 'Blues',\n                            reversescale: true,\n                            showscale: false,\n                            type: 'histogram2dcontour',\n                        },\n                    );\n\t\t                return acc;\n                }, tmpData);\n\t\t\t\t\n                if (params.range.x.length > 0) {\n                    tmpDensityRange['xaxis'] = {\n                        showgrid: false,\n                        zeroline: false,\n                        range: params.range.x,\n                    };\n                }\n\n                if (params.range.y.length > 0) {\n                    tmpDensityRange['yaxis'] = {\n                        showgrid: false,\n                        zeroline: false,\n                        range: params.range.y,\n                    };\n                }\n\n                if (Object.keys(obj).length === 0) {\n                    obj = {\n                        data: tmpData,\n                        layout: {\n                            title: params.title,\n                            font: {\n                                family: \"Saira, 'Nunito Sans'\",\n                            },\n                            showlegend: false,\n                            hovermode: 'closest',\n                            bargap: 0,\n                            ...tmpDensityRange,\n                        },\n                    };\n                } else {\n                    obj = {\n                        ...obj,\n                        data: obj.data.concat(tmpData),\n                    };\n                }\n                break;\n\n            case 'bubble chart':\n                Object.keys(params.y).reduce((acc, v) => {\n                    acc.push({\n                        x: params.x[v],\n                        y: params.y[v],\n                        mode: 'markers',\n                        name: v,\n                        marker: {\n                            color: 'rgb(93, 164, 214)',\n                            size: params.z,\n                        },\n                    });\n\t\t                return acc;\n                }, tmpData);\n                if (Object.keys(obj).length === 0) {\n                    obj = {\n                        data: tmpData,\n                        layout: {\n                            title: params.title,\n                            font: {\n                                family: \"Saira, 'Nunito Sans'\",\n                            },\n                            ...tmpRange,\n                        },\n                    };\n                } else {\n                    obj = {\n                        ...obj,\n                        data: obj.data.concat(tmpData),\n                    };\n                }\n                break;\n        }\n        return obj;\n    };\n\n    params.type.forEach((v) => {\n        tmpGraphProp = createPropData(tmpGraphProp, v, params);\n    });\n\n    Plotly.newPlot(element, tmpGraphProp.data, tmpGraphProp.layout);\n\n    if (params.func) {\n        element.on('plotly_relayout', params.func);\n    }\n}\n",
			"type": "system"
		}],
		"items": [{
			"id": null,
			"title": "Z Sensor Meas. BL",
			"type": ["line"],
			"x_axis": "log_time",
			"x_range_max": null,
			"x_range_min": null,
			"y_axis": ["Z Sensor Meas. BL Delta Max"],
			"y_range_max": null,
			"y_range_min": null,
			"z_axis": null,
			"z_range_max": null,
			"z_range_min": null
		}, {
			"id": null,
			"title": "Z Sensor Meas. BC",
			"type": ["line"],
			"x_axis": "log_time",
			"x_range_max": null,
			"x_range_min": null,
			"y_axis": ["Z Sensor Meas. BC Delta Max"],
			"y_range_max": null,
			"y_range_min": null,
			"z_axis": null,
			"z_range_max": null,
			"z_range_min": null
		}, {
			"id": null,
			"title": "Z Sensor Meas. BR",
			"type": ["line"],
			"x_axis": "log_time",
			"x_range_max": null,
			"x_range_min": null,
			"y_axis": ["Z Sensor Meas. BR Delta Max"],
			"y_range_max": null,
			"y_range_min": null,
			"z_axis": null,
			"z_range_max": null,
			"z_range_min": null
		}, {
			"id": null,
			"title": "Z Sensor Meas. FL",
			"type": ["line"],
			"x_axis": "log_time",
			"x_range_max": null,
			"x_range_min": null,
			"y_axis": ["Z Sensor Meas. FL Delta Max"],
			"y_range_max": null,
			"y_range_min": null,
			"z_axis": null,
			"z_range_max": null,
			"z_range_min": null
		}, {
			"id": null,
			"title": "Z Sensor Meas. FC",
			"type": ["line"],
			"x_axis": "log_time",
			"x_range_max": null,
			"x_range_min": null,
			"y_axis": ["Z Sensor Meas. FC Delta Max"],
			"y_range_max": null,
			"y_range_min": null,
			"z_axis": null,
			"z_range_max": null,
			"z_range_min": null
		}, {
			"id": null,
			"title": "Z Sensor Meas. FR",
			"type": ["line"],
			"x_axis": "log_time",
			"x_range_max": null,
			"x_range_min": null,
			"y_axis": ["Z Sensor Meas. FR Delta Max"],
			"y_range_max": null,
			"y_range_min": null,
			"z_axis": null,
			"z_range_max": null,
			"z_range_min": null
		}, {
			"id": null,
			"title": "L V/T",
			"type": ["line"],
			"x_axis": "log_time",
			"x_range_max": null,
			"x_range_min": null,
			"y_axis": ["L V_T AVE"],
			"y_range_max": null,
			"y_range_min": null,
			"z_axis": null,
			"z_range_max": null,
			"z_range_min": null
		}, {
			"id": null,
			"title": "L H/S",
			"type": ["line"],
			"x_axis": "log_time",
			"x_range_max": null,
			"x_range_min": null,
			"y_axis": ["L H_S AVE"],
			"y_range_max": null,
			"y_range_min": null,
			"z_axis": null,
			"z_range_max": null,
			"z_range_min": null
		}, {
			"id": null,
			"title": "C V/T",
			"type": ["line"],
			"x_axis": "log_time",
			"x_range_max": null,
			"x_range_min": null,
			"y_axis": ["C V_T AVE"],
			"y_range_max": null,
			"y_range_min": null,
			"z_axis": null,
			"z_range_max": null,
			"z_range_min": null
		}, {
			"id": null,
			"title": "C H/S",
			"type": ["line"],
			"x_axis": "log_time",
			"x_range_max": null,
			"x_range_min": null,
			"y_axis": ["C H_S AVE"],
			"y_range_max": null,
			"y_range_min": null,
			"z_axis": null,
			"z_range_max": null,
			"z_range_min": null
		}, {
			"id": null,
			"title": "R V/T",
			"type": ["line"],
			"x_axis": "log_time",
			"x_range_max": null,
			"x_range_min": null,
			"y_axis": ["R V_T AVE"],
			"y_range_max": null,
			"y_range_min": null,
			"z_axis": null,
			"z_range_max": null,
			"z_range_min": null
		}, {
			"id": null,
			"title": "R H/S",
			"type": ["line"],
			"x_axis": "log_time",
			"x_range_max": null,
			"x_range_min": null,
			"y_axis": ["R H_S AVE"],
			"y_range_max": null,
			"y_range_min": null,
			"z_axis": null,
			"z_range_max": null,
			"z_range_min": null
		}, {
			"id": null,
			"title": "Z",
			"type": ["line"],
			"x_axis": "log_time",
			"x_range_max": null,
			"x_range_min": null,
			"y_axis": ["Z AVE"],
			"y_range_max": null,
			"y_range_min": null,
			"z_axis": null,
			"z_range_max": null,
			"z_range_min": null
		}, {
			"id": null,
			"title": "Pitch",
			"type": ["line"],
			"x_axis": "log_time",
			"x_range_max": null,
			"x_range_min": null,
			"y_axis": ["Pitch AVE"],
			"y_range_max": null,
			"y_range_min": null,
			"z_axis": null,
			"z_range_max": null,
			"z_range_min": null
		}, {
			"id": null,
			"title": "Roll",
			"type": ["line"],
			"x_axis": "log_time",
			"x_range_max": null,
			"x_range_min": null,
			"y_axis": ["Roll AVE"],
			"y_range_max": null,
			"y_range_min": null,
			"z_axis": null,
			"z_range_max": null,
			"z_range_min": null
		}]
	}
}, {
	"analysis": {
		"script": {
			"db_id": null,
			"file_name": null,
			"script": null,
			"sql": null,
			"use_script": false
		},
		"setting": {
			"aggregation_default": {
				"type": "period",
				"val": "1d"
			},
			"filter_default": [],
			"items": [{
				"disp_order": 1,
				"group_analysis": "delta.abs.max",
				"group_analysis_type": "sequential",
				"source_col": "flt",
				"title": "FLT Delta Max",
				"total_analysis": "",
				"total_analysis_type": ""
			}, {
				"disp_order": 2,
				"group_analysis": "delta.abs.max",
				"group_analysis_type": "sequential",
				"source_col": "frt",
				"title": "FRT Delta Max",
				"total_analysis": "",
				"total_analysis_type": ""
			}, {
				"disp_order": 3,
				"group_analysis": "delta.abs.max",
				"group_analysis_type": "sequential",
				"source_col": "blt",
				"title": "BLT Delta Max",
				"total_analysis": "",
				"total_analysis_type": ""
			}, {
				"disp_order": 4,
				"group_analysis": "delta.abs.max",
				"group_analysis_type": "sequential",
				"source_col": "brt",
				"title": "BRT Delta Max",
				"total_analysis": "",
				"total_analysis_type": ""
			}, {
				"disp_order": 5,
				"group_analysis": "ave",
				"group_analysis_type": "ave",
				"source_col": "pitching",
				"title": "Pitching AVE",
				"total_analysis": "",
				"total_analysis_type": ""
			}, {
				"disp_order": 6,
				"group_analysis": "delta.abs.max",
				"group_analysis_type": "sequential",
				"source_col": "pitching",
				"title": "Pitching Delta Max",
				"total_analysis": "",
				"total_analysis_type": ""
			}, {
				"disp_order": 7,
				"group_analysis": "ave",
				"group_analysis_type": "ave",
				"source_col": "rolling",
				"title": "Rolling AVE",
				"total_analysis": "",
				"total_analysis_type": ""
			}, {
				"disp_order": 8,
				"group_analysis": "delta.abs.max",
				"group_analysis_type": "sequential",
				"source_col": "rolling",
				"title": "Rolling Delta Max",
				"total_analysis": "",
				"total_analysis_type": ""
			}, {
				"disp_order": 9,
				"group_analysis": "ave",
				"group_analysis_type": "ave",
				"source_col": "torsion",
				"title": "Torsion AVE",
				"total_analysis": "",
				"total_analysis_type": ""
			}, {
				"disp_order": 10,
				"group_analysis": "delta.abs.max",
				"group_analysis_type": "sequential",
				"source_col": "torsion",
				"title": "Torsion Delta Max",
				"total_analysis": "",
				"total_analysis_type": ""
			}]
		},
		"type": "setting"
	},
	"category": {
		"title": "Focus"
	},
	"convert": {
		"script": {
			"file_name": null,
			"script": null,
			"use_script": false
		}
	},
	"func": {
		"info": {
			"log_name": "TiltMeasurementLog"
		},
		"script": {
			"file_name": null,
			"script": null,
			"use_script": false
		},
		"source_type": "local",
		"system_func": true,
		"title": "TiltMeasurementLog"
	},
	"visualization": {
		"function_graph_type": [{
			"id": null,
			"name": "default",
			"script": "function renderGraph(Plotly, element, params) {\n    let tmpGraphProp = {};\n\n    const createPropData = (obj, type, params) => {\n        let tmpRange = {},\n            tmpDensityRange = {},\n            tmpData = [];\n\n        if (params.range.x.length > 0) {\n            tmpRange['xaxis'] = {\n                range: params.range.x,\n            };\n        }\n\n        if (params.range.y.length > 0) {\n            tmpRange['yaxis'] = {\n                range: params.range.y,\n            };\n        }\n\n        switch (type.toLowerCase()) {\n            case 'bar':\n            default:\n                Object.keys(params.y).reduce((acc, v) => {\n                    acc.push({\n                        x: params.x[v],\n                        y: params.y[v],\n                        type: 'bar',\n                        name: v,\n                    });\n\t\t                return acc;\n                }, tmpData);\n                if (Object.keys(obj).length === 0) {\n                    obj = {\n                        data: tmpData,\n                        layout: {\n                            title: params.title,\n                            font: {\n                                family: \"Saira, 'Nunito Sans'\",\n                            },\n                            ...tmpRange,\n                        },\n                    };\n                } else {\n                    obj = {\n                        ...obj,\n                        data: obj.data.concat(tmpData),\n                    };\n                }\n                break;\n\n            case 'line':\n                Object.keys(params.y).reduce((acc, v) => {\n                    acc.push({\n                        x: params.x[v],\n                        y: params.y[v],\n                        type: 'scatter',\n                        name: v,\n                    });\n                    return acc;\n                }, tmpData);\n                if (Object.keys(obj).length === 0) {\n                    obj = {\n                        data: tmpData,\n                        layout: {\n                            title: params.title,\n                            font: {\n                                family: \"Saira, 'Nunito Sans'\",\n                            },\n                            ...tmpRange,\n                        },\n                    };\n                } else {\n                    obj = {\n                        ...obj,\n                        data: obj.data.concat(tmpData),\n                    };\n                }\n                break;\n\n            case 'box plot':\n                Object.keys(params.y).reduce((acc, v) => {\n                    acc.push({\n                        y: params.y[v],\n                        type: 'box',\n                        name: v,\n                    });\n\t\t                return acc;\n                }, tmpData);\n                if (Object.keys(obj).length === 0) {\n                    obj = {\n                        data: tmpData,\n                        layout: {\n                            title: params.title,\n                            font: {\n                                family: \"Saira, 'Nunito Sans'\",\n                            },\n                            ...tmpRange,\n                        },\n                    };\n                } else {\n                    obj = {\n                        ...obj,\n                        data: obj.data.concat(tmpData),\n                    };\n                }\n                break;\n\n            case 'density plot':\n                Object.keys(params.y).reduce((acc, v) => {\n                    acc.push(\n                        {\n                            x: params.x[v],\n                            y: params.y[v],\n                            mode: 'markers',\n                            name: v,\n                            marker: {\n                                color: 'rgb(245,245,245)',\n                                size: 1.5,\n                                opacity: 0.7,\n                            },\n                            type: 'scatter',\n                        },\n                        {\n                            x: params.x[v],\n                            y: params.y[v],\n                            name: v,\n                            ncontours: 20,\n                            colorscale: 'Blues',\n                            reversescale: true,\n                            showscale: false,\n                            type: 'histogram2dcontour',\n                        },\n                    );\n\t\t                return acc;\n                }, tmpData);\n\t\t\t\t\n                if (params.range.x.length > 0) {\n                    tmpDensityRange['xaxis'] = {\n                        showgrid: false,\n                        zeroline: false,\n                        range: params.range.x,\n                    };\n                }\n\n                if (params.range.y.length > 0) {\n                    tmpDensityRange['yaxis'] = {\n                        showgrid: false,\n                        zeroline: false,\n                        range: params.range.y,\n                    };\n                }\n\n                if (Object.keys(obj).length === 0) {\n                    obj = {\n                        data: tmpData,\n                        layout: {\n                            title: params.title,\n                            font: {\n                                family: \"Saira, 'Nunito Sans'\",\n                            },\n                            showlegend: false,\n                            hovermode: 'closest',\n                            bargap: 0,\n                            ...tmpDensityRange,\n                        },\n                    };\n                } else {\n                    obj = {\n                        ...obj,\n                        data: obj.data.concat(tmpData),\n                    };\n                }\n                break;\n\n            case 'bubble chart':\n                Object.keys(params.y).reduce((acc, v) => {\n                    acc.push({\n                        x: params.x[v],\n                        y: params.y[v],\n                        mode: 'markers',\n                        name: v,\n                        marker: {\n                            color: 'rgb(93, 164, 214)',\n                            size: params.z,\n                        },\n                    });\n\t\t                return acc;\n                }, tmpData);\n                if (Object.keys(obj).length === 0) {\n                    obj = {\n                        data: tmpData,\n                        layout: {\n                            title: params.title,\n                            font: {\n                                family: \"Saira, 'Nunito Sans'\",\n                            },\n                            ...tmpRange,\n                        },\n                    };\n                } else {\n                    obj = {\n                        ...obj,\n                        data: obj.data.concat(tmpData),\n                    };\n                }\n                break;\n        }\n        return obj;\n    };\n\n    params.type.forEach((v) => {\n        tmpGraphProp = createPropData(tmpGraphProp, v, params);\n    });\n\n    Plotly.newPlot(element, tmpGraphProp.data, tmpGraphProp.layout);\n\n    if (params.func) {\n        element.on('plotly_relayout', params.func);\n    }\n}\n",
			"type": "system"
		}],
		"items": [{
			"id": null,
			"title": "FLT",
			"type": ["line"],
			"x_axis": "log_time",
			"x_range_max": null,
			"x_range_min": null,
			"y_axis": ["FLT Delta Max"],
			"y_range_max": null,
			"y_range_min": null,
			"z_axis": null,
			"z_range_max": null,
			"z_range_min": null
		}, {
			"id": null,
			"title": "FRT",
			"type": ["line"],
			"x_axis": "log_time",
			"x_range_max": null,
			"x_range_min": null,
			"y_axis": ["FRT Delta Max"],
			"y_range_max": null,
			"y_range_min": null,
			"z_axis": null,
			"z_range_max": null,
			"z_range_min": null
		}, {
			"id": null,
			"title": "BLT",
			"type": ["line"],
			"x_axis": "log_time",
			"x_range_max": null,
			"x_range_min": null,
			"y_axis": ["BLT Delta Max"],
			"y_range_max": null,
			"y_range_min": null,
			"z_axis": null,
			"z_range_max": null,
			"z_range_min": null
		}, {
			"id": null,
			"title": "BRT",
			"type": ["line"],
			"x_axis": "log_time",
			"x_range_max": null,
			"x_range_min": null,
			"y_axis": ["BRT Delta Max"],
			"y_range_max": null,
			"y_range_min": null,
			"z_axis": null,
			"z_range_max": null,
			"z_range_min": null
		}, {
			"id": null,
			"title": "Pitching",
			"type": ["line"],
			"x_axis": "log_time",
			"x_range_max": null,
			"x_range_min": null,
			"y_axis": ["Pitching AVE"],
			"y_range_max": null,
			"y_range_min": null,
			"z_axis": null,
			"z_range_max": null,
			"z_range_min": null
		}, {
			"id": null,
			"title": "Rolling",
			"type": ["line"],
			"x_axis": "log_time",
			"x_range_max": null,
			"x_range_min": null,
			"y_axis": ["Rolling AVE"],
			"y_range_max": null,
			"y_range_min": null,
			"z_axis": null,
			"z_range_max": null,
			"z_range_min": null
		}, {
			"id": null,
			"title": "Torsion",
			"type": ["line"],
			"x_axis": "log_time",
			"x_range_max": null,
			"x_range_min": null,
			"y_axis": ["Torsion AVE"],
			"y_range_max": null,
			"y_range_min": null,
			"z_axis": null,
			"z_range_max": null,
			"z_range_min": null
		}]
	}
}, {
	"analysis": {
		"script": {
			"db_id": null,
			"file_name": null,
			"script": null,
			"sql": null,
			"use_script": false
		},
		"setting": {
			"aggregation_default": {
				"type": "period",
				"val": "4h"
			},
			"filter_default": [{
				"key": "status",
				"val": ["Job"]
			}],
			"items": [{
				"disp_order": 1,
				"group_analysis": "ave",
				"group_analysis_type": "ave",
				"source_col": "lb_kpa",
				"title": "LB AVE",
				"total_analysis": "",
				"total_analysis_type": ""
			}, {
				"disp_order": 2,
				"group_analysis": "delta.abs.max",
				"group_analysis_type": "sequential",
				"source_col": "lb_kpa",
				"title": "LB Delta Max",
				"total_analysis": "",
				"total_analysis_type": ""
			}, {
				"disp_order": 3,
				"group_analysis": "ave",
				"group_analysis_type": "ave",
				"source_col": "lf_kpa",
				"title": "LF AVE",
				"total_analysis": "",
				"total_analysis_type": ""
			}, {
				"disp_order": 4,
				"group_analysis": "delta.abs.max",
				"group_analysis_type": "sequential",
				"source_col": "lf_kpa",
				"title": "LF Delta Max",
				"total_analysis": "",
				"total_analysis_type": ""
			}, {
				"disp_order": 5,
				"group_analysis": "ave",
				"group_analysis_type": "ave",
				"source_col": "rb_kpa",
				"title": "RB AVE",
				"total_analysis": "",
				"total_analysis_type": ""
			}, {
				"disp_order": 6,
				"group_analysis": "delta.abs.max",
				"group_analysis_type": "sequential",
				"source_col": "rb_kpa",
				"title": "RB Delta Max",
				"total_analysis": "",
				"total_analysis_type": ""
			}, {
				"disp_order": 7,
				"group_analysis": "ave",
				"group_analysis_type": "ave",
				"source_col": "rf_kpa",
				"title": "RF AVE",
				"total_analysis": "",
				"total_analysis_type": ""
			}, {
				"disp_order": 8,
				"group_analysis": "delta.abs.max",
				"group_analysis_type": "sequential",
				"source_col": "rf_kpa",
				"title": "RF Delta Max",
				"total_analysis": "",
				"total_analysis_type": ""
			}, {
				"disp_order": 9,
				"group_analysis": "ave",
				"group_analysis_type": "ave",
				"source_col": "z_cnt_rb",
				"title": "Z Cnt RB AVE",
				"total_analysis": "",
				"total_analysis_type": ""
			}, {
				"disp_order": 10,
				"group_analysis": "delta.abs.max",
				"group_analysis_type": "sequential",
				"source_col": "z_cnt_rb",
				"title": "Z Cnt RB Delta Max",
				"total_analysis": "",
				"total_analysis_type": ""
			}, {
				"disp_order": 11,
				"group_analysis": "ave",
				"group_analysis_type": "ave",
				"source_col": "z_cnt_lb",
				"title": "Z Cnt LB AVE",
				"total_analysis": "",
				"total_analysis_type": ""
			}, {
				"disp_order": 12,
				"group_analysis": "delta.abs.max",
				"group_analysis_type": "sequential",
				"source_col": "z_cnt_lb",
				"title": "Z Cnt LB Delta Max",
				"total_analysis": "",
				"total_analysis_type": ""
			}, {
				"disp_order": 13,
				"group_analysis": "ave",
				"group_analysis_type": "ave",
				"source_col": "z_cnt_lf",
				"title": "Z Cnt LF AVE",
				"total_analysis": "",
				"total_analysis_type": ""
			}, {
				"disp_order": 14,
				"group_analysis": "delta.abs.max",
				"group_analysis_type": "sequential",
				"source_col": "z_cnt_lf",
				"title": "Z Cnt LF Delta Max",
				"total_analysis": "",
				"total_analysis_type": ""
			}, {
				"disp_order": 15,
				"group_analysis": "ave",
				"group_analysis_type": "ave",
				"source_col": "z_cnt_rf",
				"title": "Z Cnt RF AVE",
				"total_analysis": "",
				"total_analysis_type": ""
			}, {
				"disp_order": 16,
				"group_analysis": "delta.abs.max",
				"group_analysis_type": "sequential",
				"source_col": "z_cnt_rf",
				"title": "Z Cnt RF Delta Max",
				"total_analysis": "",
				"total_analysis_type": ""
			}, {
				"disp_order": 17,
				"group_analysis": "ave",
				"group_analysis_type": "ave",
				"source_col": "z_out_rb_bit",
				"title": "Z Out RB AVE",
				"total_analysis": "",
				"total_analysis_type": ""
			}, {
				"disp_order": 18,
				"group_analysis": "delta.abs.max",
				"group_analysis_type": "sequential",
				"source_col": "z_out_rb_bit",
				"title": "Z Out RB Delta Max",
				"total_analysis": "",
				"total_analysis_type": ""
			}, {
				"disp_order": 19,
				"group_analysis": "ave",
				"group_analysis_type": "ave",
				"source_col": "z_out_lb_bit",
				"title": "Z Out LB AVE",
				"total_analysis": "",
				"total_analysis_type": ""
			}, {
				"disp_order": 20,
				"group_analysis": "delta.abs.max",
				"group_analysis_type": "sequential",
				"source_col": "z_out_lb_bit",
				"title": "Z Out LB Delta Max",
				"total_analysis": "",
				"total_analysis_type": ""
			}, {
				"disp_order": 21,
				"group_analysis": "ave",
				"group_analysis_type": "ave",
				"source_col": "z_out_lf_bit",
				"title": "Z Out LF AVE",
				"total_analysis": "",
				"total_analysis_type": ""
			}, {
				"disp_order": 22,
				"group_analysis": "delta.abs.max",
				"group_analysis_type": "sequential",
				"source_col": "z_out_lf_bit",
				"title": "Z Out LF Delta Max",
				"total_analysis": "",
				"total_analysis_type": ""
			}, {
				"disp_order": 23,
				"group_analysis": "ave",
				"group_analysis_type": "ave",
				"source_col": "z_out_rf_bit",
				"title": "Z Out RF AVE",
				"total_analysis": "",
				"total_analysis_type": ""
			}, {
				"disp_order": 24,
				"group_analysis": "delta.abs.max",
				"group_analysis_type": "sequential",
				"source_col": "z_out_rf_bit",
				"title": "Z Out RF Delta Max",
				"total_analysis": "",
				"total_analysis_type": ""
			}, {
				"disp_order": 25,
				"group_analysis": "ave",
				"group_analysis_type": "ave",
				"source_col": "z_cur_rb_bit",
				"title": "Z Cur RB AVE",
				"total_analysis": "",
				"total_analysis_type": ""
			}, {
				"disp_order": 26,
				"group_analysis": "delta.abs.max",
				"group_analysis_type": "sequential",
				"source_col": "z_cur_rb_bit",
				"title": "Z Cur RB Delta Max",
				"total_analysis": "",
				"total_analysis_type": ""
			}, {
				"disp_order": 27,
				"group_analysis": "ave",
				"group_analysis_type": "ave",
				"source_col": "z_cur_lb_bit",
				"title": "Z Cur LB AVE",
				"total_analysis": "",
				"total_analysis_type": ""
			}, {
				"disp_order": 28,
				"group_analysis": "delta.abs.max",
				"group_analysis_type": "sequential",
				"source_col": "z_cur_lb_bit",
				"title": "Z Cur LB Delta Max",
				"total_analysis": "",
				"total_analysis_type": ""
			}, {
				"disp_order": 29,
				"group_analysis": "ave",
				"group_analysis_type": "ave",
				"source_col": "z_cur_lf_bit",
				"title": "Z Cur LF AVE",
				"total_analysis": "",
				"total_analysis_type": ""
			}, {
				"disp_order": 30,
				"group_analysis": "delta.abs.max",
				"group_analysis_type": "sequential",
				"source_col": "z_cur_lf_bit",
				"title": "Z Cur LF Delta Max",
				"total_analysis": "",
				"total_analysis_type": ""
			}, {
				"disp_order": 31,
				"group_analysis": "ave",
				"group_analysis_type": "ave",
				"source_col": "z_cur_rf_bit",
				"title": "Z Cur RF AVE",
				"total_analysis": "",
				"total_analysis_type": ""
			}, {
				"disp_order": 32,
				"group_analysis": "delta.abs.max",
				"group_analysis_type": "sequential",
				"source_col": "z_cur_rf_bit",
				"title": "Z Cur RF Delta Max",
				"total_analysis": "",
				"total_analysis_type": ""
			}]
		},
		"type": "setting"
	},
	"category": {
		"title": "Focus"
	},
	"convert": {
		"script": {
			"file_name": null,
			"script": null,
			"use_script": false
		}
	},
	"func": {
		"info": {
			"log_name": "MountPressLog"
		},
		"script": {
			"file_name": null,
			"script": null,
			"use_script": false
		},
		"source_type": "local",
		"system_func": true,
		"title": "MountPressLog"
	},
	"visualization": {
		"function_graph_type": [{
			"id": null,
			"name": "default",
			"script": "function renderGraph(Plotly, element, params) {\n    let tmpGraphProp = {};\n\n    const createPropData = (obj, type, params) => {\n        let tmpRange = {},\n            tmpDensityRange = {},\n            tmpData = [];\n\n        if (params.range.x.length > 0) {\n            tmpRange['xaxis'] = {\n                range: params.range.x,\n            };\n        }\n\n        if (params.range.y.length > 0) {\n            tmpRange['yaxis'] = {\n                range: params.range.y,\n            };\n        }\n\n        switch (type.toLowerCase()) {\n            case 'bar':\n            default:\n                Object.keys(params.y).reduce((acc, v) => {\n                    acc.push({\n                        x: params.x[v],\n                        y: params.y[v],\n                        type: 'bar',\n                        name: v,\n                    });\n\t\t                return acc;\n                }, tmpData);\n                if (Object.keys(obj).length === 0) {\n                    obj = {\n                        data: tmpData,\n                        layout: {\n                            title: params.title,\n                            font: {\n                                family: \"Saira, 'Nunito Sans'\",\n                            },\n                            ...tmpRange,\n                        },\n                    };\n                } else {\n                    obj = {\n                        ...obj,\n                        data: obj.data.concat(tmpData),\n                    };\n                }\n                break;\n\n            case 'line':\n                Object.keys(params.y).reduce((acc, v) => {\n                    acc.push({\n                        x: params.x[v],\n                        y: params.y[v],\n                        type: 'scatter',\n                        name: v,\n                    });\n                    return acc;\n                }, tmpData);\n                if (Object.keys(obj).length === 0) {\n                    obj = {\n                        data: tmpData,\n                        layout: {\n                            title: params.title,\n                            font: {\n                                family: \"Saira, 'Nunito Sans'\",\n                            },\n                            ...tmpRange,\n                        },\n                    };\n                } else {\n                    obj = {\n                        ...obj,\n                        data: obj.data.concat(tmpData),\n                    };\n                }\n                break;\n\n            case 'box plot':\n                Object.keys(params.y).reduce((acc, v) => {\n                    acc.push({\n                        y: params.y[v],\n                        type: 'box',\n                        name: v,\n                    });\n\t\t                return acc;\n                }, tmpData);\n                if (Object.keys(obj).length === 0) {\n                    obj = {\n                        data: tmpData,\n                        layout: {\n                            title: params.title,\n                            font: {\n                                family: \"Saira, 'Nunito Sans'\",\n                            },\n                            ...tmpRange,\n                        },\n                    };\n                } else {\n                    obj = {\n                        ...obj,\n                        data: obj.data.concat(tmpData),\n                    };\n                }\n                break;\n\n            case 'density plot':\n                Object.keys(params.y).reduce((acc, v) => {\n                    acc.push(\n                        {\n                            x: params.x[v],\n                            y: params.y[v],\n                            mode: 'markers',\n                            name: v,\n                            marker: {\n                                color: 'rgb(245,245,245)',\n                                size: 1.5,\n                                opacity: 0.7,\n                            },\n                            type: 'scatter',\n                        },\n                        {\n                            x: params.x[v],\n                            y: params.y[v],\n                            name: v,\n                            ncontours: 20,\n                            colorscale: 'Blues',\n                            reversescale: true,\n                            showscale: false,\n                            type: 'histogram2dcontour',\n                        },\n                    );\n\t\t                return acc;\n                }, tmpData);\n\t\t\t\t\n                if (params.range.x.length > 0) {\n                    tmpDensityRange['xaxis'] = {\n                        showgrid: false,\n                        zeroline: false,\n                        range: params.range.x,\n                    };\n                }\n\n                if (params.range.y.length > 0) {\n                    tmpDensityRange['yaxis'] = {\n                        showgrid: false,\n                        zeroline: false,\n                        range: params.range.y,\n                    };\n                }\n\n                if (Object.keys(obj).length === 0) {\n                    obj = {\n                        data: tmpData,\n                        layout: {\n                            title: params.title,\n                            font: {\n                                family: \"Saira, 'Nunito Sans'\",\n                            },\n                            showlegend: false,\n                            hovermode: 'closest',\n                            bargap: 0,\n                            ...tmpDensityRange,\n                        },\n                    };\n                } else {\n                    obj = {\n                        ...obj,\n                        data: obj.data.concat(tmpData),\n                    };\n                }\n                break;\n\n            case 'bubble chart':\n                Object.keys(params.y).reduce((acc, v) => {\n                    acc.push({\n                        x: params.x[v],\n                        y: params.y[v],\n                        mode: 'markers',\n                        name: v,\n                        marker: {\n                            color: 'rgb(93, 164, 214)',\n                            size: params.z,\n                        },\n                    });\n\t\t                return acc;\n                }, tmpData);\n                if (Object.keys(obj).length === 0) {\n                    obj = {\n                        data: tmpData,\n                        layout: {\n                            title: params.title,\n                            font: {\n                                family: \"Saira, 'Nunito Sans'\",\n                            },\n                            ...tmpRange,\n                        },\n                    };\n                } else {\n                    obj = {\n                        ...obj,\n                        data: obj.data.concat(tmpData),\n                    };\n                }\n                break;\n        }\n        return obj;\n    };\n\n    params.type.forEach((v) => {\n        tmpGraphProp = createPropData(tmpGraphProp, v, params);\n    });\n\n    Plotly.newPlot(element, tmpGraphProp.data, tmpGraphProp.layout);\n\n    if (params.func) {\n        element.on('plotly_relayout', params.func);\n    }\n}\n",
			"type": "system"
		}],
		"items": [{
			"id": null,
			"title": "LB",
			"type": ["line"],
			"x_axis": "log_time",
			"x_range_max": null,
			"x_range_min": null,
			"y_axis": ["LB AVE"],
			"y_range_max": null,
			"y_range_min": null,
			"z_axis": null,
			"z_range_max": null,
			"z_range_min": null
		}, {
			"id": null,
			"title": "LF",
			"type": ["line"],
			"x_axis": "log_time",
			"x_range_max": null,
			"x_range_min": null,
			"y_axis": ["LF AVE"],
			"y_range_max": null,
			"y_range_min": null,
			"z_axis": null,
			"z_range_max": null,
			"z_range_min": null
		}, {
			"id": null,
			"title": "RB",
			"type": ["line"],
			"x_axis": "log_time",
			"x_range_max": null,
			"x_range_min": null,
			"y_axis": ["RB AVE"],
			"y_range_max": null,
			"y_range_min": null,
			"z_axis": null,
			"z_range_max": null,
			"z_range_min": null
		}, {
			"id": null,
			"title": "RF",
			"type": ["line"],
			"x_axis": "log_time",
			"x_range_max": null,
			"x_range_min": null,
			"y_axis": ["RF AVE"],
			"y_range_max": null,
			"y_range_min": null,
			"z_axis": null,
			"z_range_max": null,
			"z_range_min": null
		}, {
			"id": null,
			"title": "Z Cnt RB",
			"type": ["line"],
			"x_axis": "log_time",
			"x_range_max": null,
			"x_range_min": null,
			"y_axis": ["Z Cnt RB AVE"],
			"y_range_max": null,
			"y_range_min": null,
			"z_axis": null,
			"z_range_max": null,
			"z_range_min": null
		}, {
			"id": null,
			"title": "Z Cnt LB",
			"type": ["line"],
			"x_axis": "log_time",
			"x_range_max": null,
			"x_range_min": null,
			"y_axis": ["Z Cnt LB AVE"],
			"y_range_max": null,
			"y_range_min": null,
			"z_axis": null,
			"z_range_max": null,
			"z_range_min": null
		}, {
			"id": null,
			"title": "Z Cnt LF",
			"type": ["line"],
			"x_axis": "log_time",
			"x_range_max": null,
			"x_range_min": null,
			"y_axis": ["Z Cnt LF AVE"],
			"y_range_max": null,
			"y_range_min": null,
			"z_axis": null,
			"z_range_max": null,
			"z_range_min": null
		}, {
			"id": null,
			"title": "Z Cnt RF",
			"type": ["line"],
			"x_axis": "log_time",
			"x_range_max": null,
			"x_range_min": null,
			"y_axis": ["Z Cnt RF AVE"],
			"y_range_max": null,
			"y_range_min": null,
			"z_axis": null,
			"z_range_max": null,
			"z_range_min": null
		}, {
			"id": null,
			"title": "Z OUT RB",
			"type": ["line"],
			"x_axis": "log_time",
			"x_range_max": null,
			"x_range_min": null,
			"y_axis": ["Z Out RB AVE"],
			"y_range_max": null,
			"y_range_min": null,
			"z_axis": null,
			"z_range_max": null,
			"z_range_min": null
		}, {
			"id": null,
			"title": "Z OUT LB",
			"type": ["line"],
			"x_axis": "log_time",
			"x_range_max": null,
			"x_range_min": null,
			"y_axis": ["Z Out LB AVE"],
			"y_range_max": null,
			"y_range_min": null,
			"z_axis": null,
			"z_range_max": null,
			"z_range_min": null
		}, {
			"id": null,
			"title": "Z OUT LF",
			"type": ["line"],
			"x_axis": "log_time",
			"x_range_max": null,
			"x_range_min": null,
			"y_axis": ["Z Out LF AVE"],
			"y_range_max": null,
			"y_range_min": null,
			"z_axis": null,
			"z_range_max": null,
			"z_range_min": null
		}, {
			"id": null,
			"title": "Z OUT RF",
			"type": ["line"],
			"x_axis": "log_time",
			"x_range_max": null,
			"x_range_min": null,
			"y_axis": ["Z Out RF AVE"],
			"y_range_max": null,
			"y_range_min": null,
			"z_axis": null,
			"z_range_max": null,
			"z_range_min": null
		}, {
			"id": null,
			"title": "Z Cur RB",
			"type": ["line"],
			"x_axis": "log_time",
			"x_range_max": null,
			"x_range_min": null,
			"y_axis": ["Z Cur RB AVE"],
			"y_range_max": null,
			"y_range_min": null,
			"z_axis": null,
			"z_range_max": null,
			"z_range_min": null
		}, {
			"id": null,
			"title": "Z Cur LB",
			"type": ["line"],
			"x_axis": "log_time",
			"x_range_max": null,
			"x_range_min": null,
			"y_axis": ["Z Cur LB AVE"],
			"y_range_max": null,
			"y_range_min": null,
			"z_axis": null,
			"z_range_max": null,
			"z_range_min": null
		}, {
			"id": null,
			"title": "Z Cur LF",
			"type": ["line"],
			"x_axis": "log_time",
			"x_range_max": null,
			"x_range_min": null,
			"y_axis": ["Z Cur LF AVE"],
			"y_range_max": null,
			"y_range_min": null,
			"z_axis": null,
			"z_range_max": null,
			"z_range_min": null
		}, {
			"id": null,
			"title": "Z Cur RF",
			"type": ["line"],
			"x_axis": "log_time",
			"x_range_max": null,
			"x_range_min": null,
			"y_axis": ["Z Cur RF AVE"],
			"y_range_max": null,
			"y_range_min": null,
			"z_axis": null,
			"z_range_max": null,
			"z_range_min": null
		}]
	}
}]