[
    {
        "title": "1. Select Source",
        "items": [
            {
                "target": "source",
                "title": "From",
                "type": "select",
                "mode": "singular",
                "options": []
            }
        ]
    },
    {
        "title": "2. Select Data Source",
        "items": [
            {
                "target": "db_id",
                "title": "From",
                "type": "select",
                "mode": "singular",
                "options": [],
                "selected": null
            }
        ]
    },
    {
        "title": "3. Input SQL",
        "items": [
            {
                "target": "sql",
                "title": "",
                "type": "textarea",
                "content": "",
                "enable": false
            }
        ]
    }
]
