[
    {
        "convert_rule": [
            {
                "convert_rule_item": [
                    {
                        "coef": null,
                        "col_index": 1,
                        "data_type": "text",
                        "def_type": "null",
                        "def_val": "null",
                        "name": "device",
                        "output_column": "device",
                        "row_index": 1.0,
                        "skip": false,
                        "type": "info",
                        "unit": null
                    },
                    {
                        "coef": null,
                        "col_index": 2,
                        "data_type": "text",
                        "def_type": "null",
                        "def_val": "null",
                        "name": "process",
                        "output_column": "process",
                        "row_index": 1.0,
                        "skip": false,
                        "type": "info",
                        "unit": null
                    },
                    {
                        "coef": 1.0,
                        "col_index": 1,
                        "data_type": "integer",
                        "def_type": "null",
                        "def_val": "null",
                        "name": "plate",
                        "output_column": "plate",
                        "row_index": null,
                        "skip": false,
                        "type": "header",
                        "unit": ""
                    },
                    {
                        "coef": 1.0,
                        "col_index": 2,
                        "data_type": "integer",
                        "def_type": "null",
                        "def_val": "null",
                        "name": "step",
                        "output_column": "step",
                        "row_index": null,
                        "skip": false,
                        "type": "header",
                        "unit": ""
                    },
                    {
                        "coef": 1000.0,
                        "col_index": 3,
                        "data_type": "integer",
                        "def_type": "null",
                        "def_val": "null",
                        "name": "p1_xl",
                        "output_column": "p1_xl",
                        "row_index": null,
                        "skip": false,
                        "type": "header",
                        "unit": "nm"
                    },
                    {
                        "coef": 1000.0,
                        "col_index": 4,
                        "data_type": "integer",
                        "def_type": "null",
                        "def_val": "null",
                        "name": "p1_yl",
                        "output_column": "p1_yl",
                        "row_index": null,
                        "skip": false,
                        "type": "header",
                        "unit": "nm"
                    },
                    {
                        "coef": 1000.0,
                        "col_index": 5,
                        "data_type": "integer",
                        "def_type": "null",
                        "def_val": "null",
                        "name": "p1_xr",
                        "output_column": "p1_xr",
                        "row_index": null,
                        "skip": false,
                        "type": "header",
                        "unit": "nm"
                    },
                    {
                        "coef": 1000.0,
                        "col_index": 6,
                        "data_type": "integer",
                        "def_type": "null",
                        "def_val": "null",
                        "name": "p1_yr",
                        "output_column": "p1_yr",
                        "row_index": null,
                        "skip": false,
                        "type": "header",
                        "unit": "nm"
                    },
                    {
                        "coef": 1000.0,
                        "col_index": 7,
                        "data_type": "integer",
                        "def_type": "null",
                        "def_val": "null",
                        "name": "p2_xl",
                        "output_column": "p2_xl",
                        "row_index": null,
                        "skip": false,
                        "type": "header",
                        "unit": "nm"
                    },
                    {
                        "coef": 1000.0,
                        "col_index": 8,
                        "data_type": "integer",
                        "def_type": "null",
                        "def_val": "null",
                        "name": "p2_yl",
                        "output_column": "p2_yl",
                        "row_index": null,
                        "skip": false,
                        "type": "header",
                        "unit": "nm"
                    },
                    {
                        "coef": 1000.0,
                        "col_index": 9,
                        "data_type": "integer",
                        "def_type": "null",
                        "def_val": "null",
                        "name": "p2_xr",
                        "output_column": "p2_xr",
                        "row_index": null,
                        "skip": false,
                        "type": "header",
                        "unit": "nm"
                    },
                    {
                        "coef": 1000.0,
                        "col_index": 10,
                        "data_type": "integer",
                        "def_type": "null",
                        "def_val": "null",
                        "name": "p2_yr",
                        "output_column": "p2_yr",
                        "row_index": null,
                        "skip": false,
                        "type": "header",
                        "unit": "nm"
                    },
                    {
                        "coef": 1000.0,
                        "col_index": 11,
                        "data_type": "integer",
                        "def_type": "null",
                        "def_val": "null",
                        "name": "p3_xl",
                        "output_column": "p3_xl",
                        "row_index": null,
                        "skip": false,
                        "type": "header",
                        "unit": "nm"
                    },
                    {
                        "coef": 1000.0,
                        "col_index": 12,
                        "data_type": "integer",
                        "def_type": "null",
                        "def_val": "null",
                        "name": "p3_yl",
                        "output_column": "p3_yl",
                        "row_index": null,
                        "skip": false,
                        "type": "header",
                        "unit": "nm"
                    },
                    {
                        "coef": 1000.0,
                        "col_index": 13,
                        "data_type": "integer",
                        "def_type": "null",
                        "def_val": "null",
                        "name": "p3_xr",
                        "output_column": "p3_xr",
                        "row_index": null,
                        "skip": false,
                        "type": "header",
                        "unit": "nm"
                    },
                    {
                        "coef": 1000.0,
                        "col_index": 14,
                        "data_type": "integer",
                        "def_type": "null",
                        "def_val": "null",
                        "name": "p3_yr",
                        "output_column": "p3_yr",
                        "row_index": null,
                        "skip": false,
                        "type": "header",
                        "unit": "nm"
                    },
                    {
                        "coef": 1000000.0,
                        "col_index": 15,
                        "data_type": "integer",
                        "def_type": "null",
                        "def_val": "null",
                        "name": "physicalposition_x",
                        "output_column": "physicalposition_x",
                        "row_index": null,
                        "skip": false,
                        "type": "header",
                        "unit": "nm"
                    },
                    {
                        "coef": 1000000.0,
                        "col_index": 16,
                        "data_type": "integer",
                        "def_type": "null",
                        "def_val": "null",
                        "name": "physicalposition_y",
                        "output_column": "physicalposition_y",
                        "row_index": null,
                        "skip": false,
                        "type": "header",
                        "unit": "nm"
                    },
                    {
                        "coef": 1000.0,
                        "col_index": 17,
                        "data_type": "integer",
                        "def_type": "null",
                        "def_val": "null",
                        "name": "physicalpos_theta",
                        "output_column": "physicalpos_theta",
                        "row_index": null,
                        "skip": false,
                        "type": "header",
                        "unit": "msec"
                    },
                    {
                        "coef": 1000000.0,
                        "col_index": 18,
                        "data_type": "integer",
                        "def_type": "null",
                        "def_val": "null",
                        "name": "logicalposition_x",
                        "output_column": "logicalposition_x",
                        "row_index": null,
                        "skip": false,
                        "type": "header",
                        "unit": "nm"
                    },
                    {
                        "coef": 1000000.0,
                        "col_index": 19,
                        "data_type": "integer",
                        "def_type": "null",
                        "def_val": "null",
                        "name": "logicalposition_y",
                        "output_column": "logicalposition_y",
                        "row_index": null,
                        "skip": false,
                        "type": "header",
                        "unit": "nm"
                    },
                    {
                        "coef": 1000.0,
                        "col_index": 20,
                        "data_type": "integer",
                        "def_type": "null",
                        "def_val": "null",
                        "name": "logicalpos_theta",
                        "output_column": "logicalpos_theta",
                        "row_index": null,
                        "skip": false,
                        "type": "header",
                        "unit": "msec"
                    },
                    {
                        "coef": 1.0,
                        "col_index": 21,
                        "data_type": "integer",
                        "def_type": "null",
                        "def_val": "null",
                        "name": "p1_measnum",
                        "output_column": "p1_measnum",
                        "row_index": null,
                        "skip": false,
                        "type": "header",
                        "unit": ""
                    },
                    {
                        "coef": 1.0,
                        "col_index": 22,
                        "data_type": "integer",
                        "def_type": "null",
                        "def_val": "null",
                        "name": "p2_measnum",
                        "output_column": "p2_measnum",
                        "row_index": null,
                        "skip": false,
                        "type": "header",
                        "unit": ""
                    },
                    {
                        "coef": 1.0,
                        "col_index": 23,
                        "data_type": "integer",
                        "def_type": "null",
                        "def_val": "null",
                        "name": "p3_measnum",
                        "output_column": "p3_measnum",
                        "row_index": null,
                        "skip": false,
                        "type": "header",
                        "unit": ""
                    },
                    {
                        "coef": 1.0,
                        "col_index": 24,
                        "data_type": "integer",
                        "def_type": "null",
                        "def_val": "null",
                        "name": "baselayermachine_no",
                        "output_column": "baselayermachine_no",
                        "row_index": null,
                        "skip": false,
                        "type": "header",
                        "unit": ""
                    },
                    {
                        "coef": null,
                        "col_index": 25,
                        "data_type": "text",
                        "def_type": "null",
                        "def_val": "null",
                        "name": "glass_id",
                        "output_column": "glass_id",
                        "row_index": null,
                        "skip": false,
                        "type": "header",
                        "unit": ""
                    },
                    {
                        "coef": null,
                        "col_index": 26,
                        "data_type": "text",
                        "def_type": "null",
                        "def_val": "null",
                        "name": "lot_id",
                        "output_column": "lot_id",
                        "row_index": null,
                        "skip": false,
                        "type": "header",
                        "unit": ""
                    },
                    {
                        "coef": null,
                        "col_index": 27,
                        "data_type": "timestamp",
                        "def_type": "null",
                        "def_val": "null",
                        "name": "log_time",
                        "output_column": "log_time",
                        "row_index": null,
                        "skip": false,
                        "type": "header",
                        "unit": ""
                    },
                    {
                        "coef": null,
                        "col_index": 28,
                        "data_type": "text",
                        "def_type": "null",
                        "def_val": "null",
                        "name": "chuck",
                        "output_column": "chuck",
                        "row_index": null,
                        "skip": false,
                        "type": "header",
                        "unit": ""
                    },
                    {
                        "coef": null,
                        "col_index": 29,
                        "data_type": "text",
                        "def_type": "null",
                        "def_val": "null",
                        "name": "ami_pos",
                        "output_column": "ami_pos",
                        "row_index": null,
                        "skip": false,
                        "type": "header",
                        "unit": ""
                    },
                    {
                        "coef": null,
                        "col_index": 43,
                        "data_type": "text",
                        "def_type": "null",
                        "def_val": "null",
                        "name": "dummy_lot_id",
                        "output_column": "dummy_lot_id",
                        "row_index": null,
                        "skip": false,
                        "type": "header",
                        "unit": ""
                    },
                    {
                        "coef": 1.0,
                        "col_index": 4,
                        "data_type": "integer",
                        "def_type": "null",
                        "def_val": "null",
                        "name": "reserve2nd",
                        "output_column": "reserve2nd",
                        "row_index": 1.0,
                        "skip": false,
                        "type": "info",
                        "unit": null
                    },
                    {
                        "coef": 1.0,
                        "col_index": 7,
                        "data_type": "integer",
                        "def_type": "null",
                        "def_val": "null",
                        "name": "adc_mode",
                        "output_column": "adc_mode",
                        "row_index": 1.0,
                        "skip": false,
                        "type": "info",
                        "unit": null
                    },
                    {
                        "coef": 1.0,
                        "col_index": 6,
                        "data_type": "integer",
                        "def_type": "null",
                        "def_val": "null",
                        "name": "expo_mode",
                        "output_column": "expo_mode",
                        "row_index": 1.0,
                        "skip": false,
                        "type": "info",
                        "unit": null
                    },
                    {
                        "coef": 1.0,
                        "col_index": 5,
                        "data_type": "integer",
                        "def_type": "null",
                        "def_val": "null",
                        "name": "xystep",
                        "output_column": "xystep",
                        "row_index": 1.0,
                        "skip": false,
                        "type": "info",
                        "unit": null
                    },
                    {
                        "coef": 1.0,
                        "col_index": 3,
                        "data_type": "integer",
                        "def_type": "null",
                        "def_val": "null",
                        "name": "reserve1st",
                        "output_column": "reserve1st",
                        "row_index": 1.0,
                        "skip": false,
                        "type": "info",
                        "unit": null
                    },
                    {
                        "coef": 1.0,
                        "col_index": 9,
                        "data_type": "integer",
                        "def_type": "null",
                        "def_val": "null",
                        "name": "max_step",
                        "output_column": "max_step",
                        "row_index": 1.0,
                        "skip": false,
                        "type": "info",
                        "unit": null
                    },
                    {
                        "coef": 1.0,
                        "col_index": 8,
                        "data_type": "integer",
                        "def_type": "null",
                        "def_val": "null",
                        "name": "partial",
                        "output_column": "partial",
                        "row_index": 1.0,
                        "skip": false,
                        "type": "info",
                        "unit": null
                    },
                    {
                        "coef": 1000000.0,
                        "col_index": 33,
                        "data_type": "integer",
                        "def_type": "null",
                        "def_val": "null",
                        "name": "vs1",
                        "output_column": "vs1",
                        "row_index": null,
                        "skip": false,
                        "type": "header",
                        "unit": "mm"
                    },
                    {
                        "coef": 1000000.0,
                        "col_index": 31,
                        "data_type": "integer",
                        "def_type": "null",
                        "def_val": "null",
                        "name": "cp2",
                        "output_column": "cp2",
                        "row_index": null,
                        "skip": false,
                        "type": "header",
                        "unit": "mm"
                    },
                    {
                        "coef": 1000000.0,
                        "col_index": 34,
                        "data_type": "integer",
                        "def_type": "null",
                        "def_val": "null",
                        "name": "vs2",
                        "output_column": "vs2",
                        "row_index": null,
                        "skip": false,
                        "type": "header",
                        "unit": "mm"
                    },
                    {
                        "coef": 1000000.0,
                        "col_index": 35,
                        "data_type": "integer",
                        "def_type": "null",
                        "def_val": "null",
                        "name": "vs3",
                        "output_column": "vs3",
                        "row_index": null,
                        "skip": false,
                        "type": "header",
                        "unit": "mm"
                    },
                    {
                        "coef": 1000000.0,
                        "col_index": 32,
                        "data_type": "integer",
                        "def_type": "null",
                        "def_val": "null",
                        "name": "cp3",
                        "output_column": "cp3",
                        "row_index": null,
                        "skip": false,
                        "type": "header",
                        "unit": "mm"
                    },
                    {
                        "coef": 1000000.0,
                        "col_index": 30,
                        "data_type": "integer",
                        "def_type": "null",
                        "def_val": "null",
                        "name": "cp1",
                        "output_column": "cp1",
                        "row_index": null,
                        "skip": false,
                        "type": "header",
                        "unit": "mm"
                    },
                    {
                        "coef": null,
                        "col_index": 36,
                        "data_type": "text",
                        "def_type": "null",
                        "def_val": "null",
                        "name": "_18822",
                        "output_column": "_18822",
                        "row_index": null,
                        "skip": true,
                        "type": "header",
                        "unit": null
                    },
                    {
                        "coef": null,
                        "col_index": 37,
                        "data_type": "text",
                        "def_type": "null",
                        "def_val": "null",
                        "name": "_18823",
                        "output_column": "_18823",
                        "row_index": null,
                        "skip": true,
                        "type": "header",
                        "unit": null
                    },
                    {
                        "coef": null,
                        "col_index": 38,
                        "data_type": "text",
                        "def_type": "null",
                        "def_val": "null",
                        "name": "_18826",
                        "output_column": "_18826",
                        "row_index": null,
                        "skip": true,
                        "type": "header",
                        "unit": null
                    },
                    {
                        "coef": null,
                        "col_index": 39,
                        "data_type": "text",
                        "def_type": "null",
                        "def_val": "null",
                        "name": "_18827",
                        "output_column": "_18827",
                        "row_index": null,
                        "skip": true,
                        "type": "header",
                        "unit": null
                    },
                    {
                        "coef": null,
                        "col_index": 40,
                        "data_type": "text",
                        "def_type": "null",
                        "def_val": "null",
                        "name": "_1882A",
                        "output_column": "_1882A",
                        "row_index": null,
                        "skip": true,
                        "type": "header",
                        "unit": null
                    },
                    {
                        "coef": null,
                        "col_index": 41,
                        "data_type": "text",
                        "def_type": "null",
                        "def_val": "null",
                        "name": "_1882B",
                        "output_column": "_1882B",
                        "row_index": null,
                        "skip": true,
                        "type": "header",
                        "unit": null
                    },
                    {
                        "coef": null,
                        "col_index": 42,
                        "data_type": "text",
                        "def_type": "null",
                        "def_val": "null",
                        "name": "_24279",
                        "output_column": "_24279",
                        "row_index": null,
                        "skip": true,
                        "type": "header",
                        "unit": null
                    }
                ],
                "rule_name": "column43",
                "commit": true
            }
        ],
        "log_define_master": {
            "input_type": "csv",
            "log_name": "ADCMEASUREMENT",
            "table_name": "adc_measurement"
        }
    }
]